ean;name;quantity;sector;type;size
7891060799866;AFIADOR DE FACA CHAIRA 12 MUNDIAL;0;ACESSORIOS;AFIADOR DE FACA;
7891112053809;AFIADOR DE FACA CHAIRA ESTRIADA ACO TRAMONTINA;0;ACESSORIOS;AFIADOR DE FACA;
2501504940000;BONE BRANCO HIPER;0;ACESSORIOS;BONE;
2501504940031;BONE FISCAL PRETO C/AMARELO;0;ACESSORIOS;BONE;
2501504940024;BONE PRETO HIPER;0;ACESSORIOS;BONE;
2501504940017;BONE VERDE HIPER;0;ACESSORIOS;BONE;
7894854025462;CARTUCHO QUIMICO 6003 - VAPORES ORGANICOS E GASES ACIDOS 3M;0;ACESSORIOS;CARTUCHO;
7897294403937;CHAVEIRO C/ETIQUETA MULTICOLOR WALEU;0;ACESSORIOS;CHAVEIRO;
7898530880819;CINTA ERGONOMICA C/SUSPENSORIO M VICSA;0;ACESSORIOS;CINTA;
7898530880857;CINTA ERGONOMICA FAJA LUMBAR M STEELPRO;0;ACESSORIOS;CINTA;
2501504940062;CINTA PROTETOR LOMBAR TM - M MAZOLA;0;ACESSORIOS;CINTA;
2501504940055;COLETE DE TREINAMENTO PRETO;0;ACESSORIOS;COLETE;
7898530880994;COLETE TIPO BLUSAO RFX LARANJA G VICSA;0;ACESSORIOS;COLETE;
7898530880901;COLETE TIPO BLUSAO RFX LARANJA M VICSA;0;ACESSORIOS;COLETE;
7898530881250;COLETE TIPO X LARANJA UNICO VIC-71106 VICSA;0;ACESSORIOS;COLETE;
7894903921639;ESTILETE LARGO EMBORRACHADO FLT 18MM;0;ACESSORIOS;ESTILETE;
2501504948006;ESTILETE LARGO PROFISSIONAL THOMPSON 18MM;0;ACESSORIOS;ESTILETE;
7891060187472;FACA DE ACOUGUEIRO BRANCA 5520-12 MUNDIAL;0;ACESSORIOS;FACA;
7891060238013;FACA DESOSSA BRANCA 5515-6 MUNDIAL;0;ACESSORIOS;FACA;
7891112052581;FACA DESSOSAR INOX 6 PROFISSIONAL TRAMONTINA;0;ACESSORIOS;FACA;
7891112052239;FACA PASSADOR INOX 12 PROFISSIONAL TRAMONTINA;0;ACESSORIOS;FACA;
7891112242456;FACA YANAGIBA TM-09 SUSHI GOLD PRETO TRAMONTINA;0;ACESSORIOS;FACA;
2501504940093;PALMILHA ANTIBACTERICIDA DUBLAJET 35;0;ACESSORIOS;PALMILHA;35
7893596069291;PALMILHA ANTIBACTERICIDA DUBLAJET 36;0;ACESSORIOS;PALMILHA;36
2501504940086;PALMILHA ANTIBACTERICIDA DUBLAJET 37;0;ACESSORIOS;PALMILHA;37
7893596069314;PÁLMILHA ANTIBACTERICIDA DUBLAJET 38;0;ACESSORIOS;PÁLMILHA;38
7893596069321;PALMILHA ANTIBACTERICIDA DUBLAJET 39;0;ACESSORIOS;PALMILHA;39
7893596069338;PALMILHA ANTIBACTERICIDA DUBLAJET 40;0;ACESSORIOS;PALMILHA;40
7893596069345;PALMILHA ANTIBACTERICIDA DUBLAJET 41;0;ACESSORIOS;PALMILHA;41
2501504940109;PALMILHA ANTIBACTERICIDA DUBLAJET 42;0;ACESSORIOS;PALMILHA;42
7893596069369;PALMILHA ANTIBACTERICIDA DUBLAJET 43;0;ACESSORIOS;PALMILHA;43
7893596069376;PALMILHA ANTIBACTERICIDA DUBLAJET 44;0;ACESSORIOS;PALMILHA;44
7897547201907;PISTOLA DE PINTURA AR DIRETO REF-90 650ML ARPREX;0;ACESSORIOS;PISTOLA;
2501504940048;PRENDEDOR DE CABELO C/LACO REDE;0;ACESSORIOS;PRENDEDOR;
7898509766809;PROTETOR SOLAR FPS 30 CORPORAL PROF GL NUTRIEX;0;ACESSORIOS;PROTETOR;
7896560509243;PROTETOR SOLAR FPS 30 FP UVA 17 LUVEX;0;ACESSORIOS;PROTETOR;
7898939140255;PROTETOR SOLAR FPS-30 FP-UVA PRO-SUN;0;ACESSORIOS;PROTETOR;
7898509766779;PROTETOR SOLAR NUTRIEX FPS-30 1/3 UVA 120ML;0;ACESSORIOS;PROTETOR;
7898530880413;TALABARTE ELASTICO EM Y VIC23605 VICSA;0;ACESSORIOS;TALABARTE;
729105799311;TERMOMETRO DIGITAL INFRAVERMELHO - LOYE;0;ACESSORIOS;TERMOMETRO;
2501504920385;AVENTAL AVEPYU PYAVE00002 PREVEMAX;0;EPI;AVENTAL;
2501504920712;AVENTAL DE RASPA LUVEQ BARBEIRO 1,20X0,60CM S/EMENDA;0;EPI;AVENTAL;
2501504920231;AVENTAL KOMBAT HEAT RIO 186 RIO VALLEY;0;EPI;AVENTAL;
7896353821651;AVENTAL MALHA DE ACO DA-3333N DANNY;0;EPI;AVENTAL;
2501504920903;AVENTAL PVC FORRADO BRANCO C/ ENGATE MAICOL;0;EPI;AVENTAL;
7890504101777;AVENTAL TERMICO KITCHENS KOMBAT SOGMA;0;EPI;AVENTAL;
2501504920378;AVENTAL TRANSPARENTE 733L PROT-CAP;0;EPI;AVENTAL;
7899951900018;AVENTAL TRANSPARENTE DE VINIL LINABRA;0;EPI;AVENTAL;
08072;AVENTAL TRANSPARENTE PVC C/C NYLON PREVEMAX;0;EPI;AVENTAL;
7899951900179;AVENTAL TRANSPARENTE REF-450 LINABRA;0;EPI;AVENTAL;
2501504920408;AVENTAL VINIL 020 CORDÃO ALGODÃO 120X60CM;0;EPI;AVENTAL;
7893963032590;BOTA BRANCA COTURNO 70C32-FRI-A-CP 43 MARLUVAS;0;EPI;BOTA;43
7893963542471;BOTA BRANCA COTURNO 70C32-FRI-A 39 MARLUVAS;0;EPI;BOTA;39
7893963032552;BOTA BRANCA COTURNO 70C32-FRI-A 40 MARLUVAS;0;EPI;BOTA;40
7893963032576;BOTA BRANCA COTURNO 70C32-FRI-A 41 MARLUVAS;0;EPI;BOTA;41
7893963032583;BOTA BRANCA COTURNO 70C32-FRI-A 42 MARLUVAS;0;EPI;BOTA;42
7893963542518;BOTA BRANCA COTURNO 70C32-FRI-A 43 MARLUVAS;0;EPI;BOTA;43
#N/D;BOTA DE PVC 100AWORKF CA BR CANO LONGO 44 MARLUVAS;0;EPI;BOTA;44
789396399831;BOTA DE PVC 100AWORKF CA BR CANO LONGO 35 MARLUVAS;0;EPI;BOTA;35
7893963945197;BOTA DE PVC 100AWORKF CA BR CANO LONGO 36 MARLUVAS;0;EPI;BOTA;36
7893963945203;BOTA DE PVC 100AWORKF CA BR CANO LONGO 37 MARLUVAS;0;EPI;BOTA;37
7893963945210;BOTA DE PVC 100AWORKF CA BR CANO LONGO 38 MARLUVAS;0;EPI;BOTA;38
7893963942783;BOTA DE PVC 100AWORKF CA BR CANO LONGO 40 MARLUVAS;0;EPI;BOTA;39
7893963945241;BOTA DE PVC 100AWORKF CA BR CANO LONGO 41 MARLUVAS;0;EPI;BOTA;40
7893963024427;BOTA DE PVC 100AWORKF CA BR CANO LONGO 42;0;EPI;BOTA;41
7893963945258;BOTA DE PVC 100AWORKF CA BR CANO LONGO 42 MARLUVAS;0;EPI;BOTA;42
7893963942813;BOTA DE PVC 100AWORKF CA BR CANO LONGO 43 MARLUVAS;0;EPI;BOTA;43
7893963985292;BOTA DE PVC 110VFLEX BR MEIO-CANO 39 MARLUVAS;0;EPI;BOTA;39
7893963985308;BOTA DE PVC 110VFLEX BR MEIO-CANO 40 MARLUVAS;0;EPI;BOTA;40
7893963985315;BOTA DE PVC 110VFLEX BR MEIO-CANO 41 MARLUVAS;0;EPI;BOTA;41
7893963985322;BOTA DE PVC 110VFLEX BR MEIO-CANO 42 MARLUVAS;0;EPI;BOTA;42
7893963985339;BOTA DE PVC 110VFLEX BR MEIO-CANO 43 MARLUVAS;0;EPI;BOTA;43
7893963945227;BOTA DE PVC BRANCA 100AWORKF CA BR CANO LONGO 39 MARLUVAS;0;EPI;BOTA;39
7899239525124;BOTA DE PVC BRANCA CANO CURTO 82BPC600 33 BRACOL;0;EPI;BOTA;33
7899239525148;BOTA DE PVC BRANCA CANO CURTO 82BPC600 35 BRACOL;0;EPI;BOTA;35
7899239525155;BOTA DE PVC BRANCA CANO CURTO 82BPC600 36 BRACOL;0;EPI;BOTA;36
7899239525162;BOTA DE PVC BRANCA CANO CURTO 82BPC600 37 BRACOL;0;EPI;BOTA;37
7899239525179;BOTA DE PVC BRANCA CANO CURTO 82BPC600 38 BRACOL;0;EPI;BOTA;38
7890988708677;BOTA DE PVC BRANCA CANO CURTO 82BPC600 39 BRACOL;0;EPI;BOTA;39
7899239525193;BOTA DE PVC BRANCA CANO CURTO 82BPC600 40 BRACOL;0;EPI;BOTA;40
7899239525209;BOTA DE PVC BRANCA CANO CURTO 82BPC600 41 BRACOL;0;EPI;BOTA;41
7890988708707;BOTA DE PVC BRANCA CANO CURTO 82BPC600 42 BRACOL;0;EPI;BOTA;42
7890988708714;BOTA DE PVC BRANCA CANO CURTO 82BPC600 43 BRACOL;0;EPI;BOTA;43
7899239525230;BOTA DE PVC BRANCA CANO CURTO 82BPC600 44 BRACOL;0;EPI;BOTA;44
7899239525247;BOTA DE PVC BRANCA CANO CURTO 82BPC600 45 BRACOL;0;EPI;BOTA;45
231509450021;BOTA DE PVC BRANCA CANO LONGO 40 WORK FLEX;0;EPI;BOTA;40
7899239457159;BOTA DE PVC BRANCA CANO LONGO 85BPL600 35 BRACOL;0;EPI;BOTA;35
7899239457166;BOTA DE PVC BRANCA CANO LONGO 85BPL600 36 BRACOL;0;EPI;BOTA;36
7899239457173;BOTA DE PVC BRANCA CANO LONGO 85BPL600 37 BRACOL;0;EPI;BOTA;37
7899239457180;BOTA DE PVC BRANCA CANO LONGO 85BPL600 38 BRACOL;0;EPI;BOTA;38
7899239457197;BOTA DE PVC BRANCA CANO LONGO 85BPL600 39 BRACOL;0;EPI;BOTA;39
7899239457203;BOTA DE PVC BRANCA CANO LONGO 85BPL600 40 BRACOL;0;EPI;BOTA;40
7899239457210;BOTA DE PVC BRANCA CANO LONGO 85BPL600 41 BRACOL;0;EPI;BOTA;41
7899239457234;BOTA DE PVC BRANCA CANO LONGO 85BPL600 43 BRACOL;0;EPI;BOTA;43
7899239457241;BOTA DE PVC BRANCA CANO LONGO 85BPL600 44 BRACOL;0;EPI;BOTA;44
7899239457258;BOTA DE PVC BRANCA CANO LONGO 85BPL600 45 BRACOL;0;EPI;BOTA;45
236878390050;BOTA DE PVC BRANCA CANO LONGO WORK FLEX;0;EPI;BOTA;
606529752378;BOTA DE PVC BRANCA CANO LONGO WORKFLEX 37;0;EPI;BOTA;37
606529752408;BOTA DE PVC BRANCA CANO LONGO WORKFLEX 40;0;EPI;BOTA;40
7890988697902;BOTA DE PVC CANO EXTRA CURTO TAM-41 BRACOL;0;EPI;BOTA;41
7890988708653;BOTA DE PVC CANO CURTO 82BPC600 37 AQUAFELX;0;EPI;BOTA;37
7890988708660;BOTA DE PVC CANO CURTO 82BPC600 38 AQUAFLEX;0;EPI;BOTA;38
7890988708646;BOTA PVC BRANCA CANO CURTO 82BPC600 36 BRACOL;0;EPI;BOTA;36
7890988708691;BOTA PVC BRANCA CURTA 41 82PC600 ACQUAFLEX;0;EPI;BOTA;41
7893963588202;BOTINA 50B19M-BP ESPECIAL 47 MARLUVAS;0;EPI;BOTINA;47
7893963855113;BOTINA PRETA 90B19A C/BICO ACO 47 MARLUVAS;0;EPI;BOTINA;47
7893963416918;BOTINA VULCAFLEX 10VB48-BP EAC-212 45 MARLUVAS;0;EPI;BOTINA;45
7893963860834;BOTINA VULCAFLEX PRETA 10VB48-BP 37 MARLUVAS;0;EPI;BOTINA;37
7893963860841;BOTINA VULCAFLEX PRETA 10VB48-BP 38 MARLUVAS;0;EPI;BOTINA;38
7893963860858;BOTINA VULCAFLEX PRETA 10VB48-BP 39 MARLUVAS;0;EPI;BOTINA;39
7893963860865;BOTINA VULCAFLEX PRETA 10VB48-BP 40 MARLUVAS;0;EPI;BOTINA;40
7893963860872;BOTINA VULCAFLEX PRETA 10VB48-BP 41 MARLUVAS;0;EPI;BOTINA;41
7893963860889;BOTINA VULCAFLEX PRETA 10VB48-BP 42 MARLUVAS;0;EPI;BOTINA;42
7893963860896;BOTINA VULCAFLEX PRETA 10VB48-BP 43 MARLUVAS;0;EPI;BOTINA;43
7893963860902;BOTINA VULCAFLEX PRETA 10VB48-BP 44 MARLUVAS;0;EPI;BOTINA;44
7893963860919;BOTINA VULCAFLEX PRETA 10VB48-BP 45 MARLUVAS;0;EPI;BOTINA;45
7893963854963;BOTINA VULCAFLEX PRETA 90B19-BP 47 MARLUVAS;0;EPI;BOTINA;47
2501504920194;CALCA AZUL FRIO CL 150 PES TM-G BRASIL SAFETY;0;EPI;CALCA;G
2501504920217;CALCA AZUL FRIO CL 150 PES TM-GG BRASIL SAFETY;0;EPI;CALCA;GG
2501504920200;CALCA AZUL FRIO CL150 PES TM-M BRASIL SAFETY;0;EPI;CALCA;M
2501504920606;CALCA BRANCA FRIO CL 150 PES TM GG BRASIL SAFETY;0;EPI;CALCA;GG
2501504920521;CALCA BRANCA FRIO CL 150 PES TM-G BRASIL SAFETY;0;EPI;CALCA;G
2501504920514;CALCA BRANCA FRIO CL 150 PES TM. M BRASIL SAFETY;0;EPI;CALCA;M
7897699560150;CALCA DE CHUVA EM PVC FORRADO TAM-G AMARELA;0;EPI;CALCA;G
2501504920705;CALCA DE CHUVA AMARELADA;0;EPI;CALCA;
2501504920859;CALCA NYLON FRIGO. AZUL CL PES 150 TM-60 BRASIL SAFETY;0;EPI;CALCA;60
2501504920910;CALCA NYLON FRIGO. AZUL EXG VELPER;0;EPI;CALCA;XGG
2501504920576;CALCA NYLON FRIGO. AZUL TAM.XG MAICOL;0;EPI;CALCA;XG
2501504920866;CALCA NYLON FRIGO. BRANCA CL PES 150 TM-60 BRASIL SAFETY;0;EPI;CALCA;60
2501504920750;CALCA NYLON FRIGO. BRANCA TAM-EXG MAICOL;0;EPI;CALCA;XGG
2501504920583;CALCA NYLON FRIGO. BRANCA TAM. GG SAFETY;0;EPI;CALCA;GG
2501504920644;CALCA NYLON FRIGO. FRIGO. AZUL TM-G VELPER;0;EPI;CALCA;G
2501504920613;CALCA NYLON FRIGO. FRIGO.AZUL TM-M VELPER;0;EPI;CALCA;M
25015049206668;CALCA TERMICA DE MOLETON BRANCA TM-G;0;EPI;CALCA;G
2501504920675;CALCA TERMICA DE MOLETON BRANCA TM-GG;0;EPI;CALCA;GG
2501504920651;CALCA TERMICA DE MOLETON BRANCA TM-M;0;EPI;CALCA;M
2501504920316;CALCA TERMICA FRIGO. NYLON BRANCA XG SAFETY;0;EPI;CALCA;XG
2501504920699;CALCA TERMICA FRIGORIFICA NYLON VELPER BRANCA TAM. G;0;EPI;CALCA;G
2501504920682;CALCA TERMICA FRIGORIFICA NYLON VELPER BRANCA TAM. M;0;EPI;CALCA;M
2501504920149;CAPA DE CHUVA AMARELA 801 GG BRASCAMP;0;EPI;CAPA;GG
2501504920156;CAPA DE CHUVA AMRELA 801 G BRASCAMP;0;EPI;CAPA;G
7898567371458;CAPA DE CHUVA IMPERMEAVEL PVC FORRADO TM-G AMARELA;0;EPI;CAPA;G
7898567371397;CAPA DE CHUVA TRANSPARENTE 013 REF.307 T-G BRASCAMP;0;EPI;CAPA;G
7898575179824;CAPACETE BRANCO V-GARD 299931 CLASSE B MSA;0;EPI;CAPACETE;
7898530882196;CINTO C-TALABARTE DUPLO Y VIC20529 VICSA;0;EPI;CINTO;
2501504920347;JAPONA NYLON TERMICA FRIGO. AZUL JP 15 PES TM-M BRASIL SAFETY;0;EPI;JAPONA;M
2501504920354;JAPONA NYLON TERMICA FRIGO. AZUL JP 15 PES TM-P BRASIL SAFETY;0;EPI;JAPONA;P
2501504920620;JAPONA NYLON TERMICA FRIGO. AZUL TM-G VELPE;0;EPI;JAPONA;G
7898954217277;JAPONA NYLON TERMICA FRIGO. AZUL TM-M VELPER;0;EPI;JAPONA;M
2501504920811;JAPONA NYLON TERMICA FRIGO. AZUL TM-P VELPER;0;EPI;JAPONA;P
2501504920064;JAPONA NYLON TERMICA FRIGO. BRANCA JP 15 PES TM-M BRASIL SAFETY;0;EPI;JAPONA;M
2501504920095;JAPONA NYLON TERMICA FRIGO. BRANCA TM- XG MAICOL;0;EPI;JAPONA;XG
250150492082;JAPONA NYLON TERMICA FRIGO. BRANCA TM-M MAICOL;0;EPI;JAPONA;M
2501504920323;JAPONA NYLON TERMICA FRIGO.AZUL JP 15 PES TM-G BRASIL SAFETY;0;EPI;JAPONA;G
2501504920330;JAPONA NYLON TERMICA FRIGO.AZUL JP 15 PES TM-GG BRASIL SAFETY;0;EPI;JAPONA;GG
2501504920835;JAPONA NYLON TERMICA FRIGO.AZUL JP 15 PES TM-GGG BRASIL SAFETY;0;EPI;JAPONA;GGG
2501504920071;JAPONA NYLON TERMICA FRIGO.BRANCA JP 15 PES TM-G BRASIL SAFETY;0;EPI;JAPONA;G
2501504920088;JAPONA NYLON TERMICA FRIGO.BRANCA JP 15 PES TM-GG BRASIL SAFETY;0;EPI;JAPONA;GG
2501504920482;JAPONA NYLON TERMICA FRIGO.BRANCA JP 15 PES TM-GGG BRASIL SAFETY;0;EPI;JAPONA;GGG
2501504920057;JAPONA NYLON TERMICA FRIGO.BRANCA JP 15 PES TM-P BRASIL SAFETY;0;EPI;JAPONA;P
2501504920767;JAPONA NYLON TERMICA FRIGO.BRANCA. TM-G MAICOL;0;EPI;JAPONA;G
7898619330945;LUVA BLACK TRACTOR TM-09 VOLK;0;EPI;LUVA;9
7891040188789;LUVA COMFORT GRIP GLOVES TM-7,5 3M;0;EPI;LUVA;7,5
7891040188802;LUVA COMFORT GRIP GLOVES TM-8,5 3M;0;EPI;LUVA;8,5
2501504920019;LUVA DE LATEX NITRILICA 925 TM-09 PROMAT;0;EPI;LUVA;9
2501504920729;LUVA DE RASPA LUVEQ 07CM PETROLEIRA;0;EPI;LUVA;7
2501504920187;LUVA DE VAQUETA CINZA LV-96001 PROCIPA;0;EPI;LUVA;
7898619334714;LUVA MALHA DE ACO LONGA 21 CM ZIEGLER VOLK;0;EPI;LUVA;21
2501504920781;LUVA MALHA ACO PUNHO CURTO TM-P DANNY;0;EPI;LUVA;P
7896353823686;LUVA MALHA DE ACO CANO LONGO NIROLFLEX 2000 M DANNY;0;EPI;LUVA;M
2501504920286;LUVA MALHA DE ACO FIXBR/0-1 MANULATEX TM-P;0;EPI;LUVA;P
2501504920309;LUVA MALHA DE ACO FIXBR/0-1 MANULATEX TM-G;0;EPI;LUVA;G
1000000048720;LUVA MALHA DE AÇO FIXBR/0-1 MANULATEX TM-PP;0;EPI;LUVA;PP
2501504920293;LUVA MALHA DE ACO FIXBR/0-2 MANULATEX TM-M;0;EPI;LUVA;M
2501504920804;LUVA MALHA DE ACO PUNHO CURTO TM-G DANNY;0;EPI;LUVA;G
2501504920798;LUVA MALHA DE ACO PUNHO CURTO TM-M DANNY;0;EPI;LUVA;M
7898619334653;LUVA MALHA DE ACO SEM 52 CC TM-M ZIEGLER-VOLK;0;EPI;LUVA;M
7898619334660;LUVA MALHA DE ACO SEM 53 CC TM-G ZIEGLER-VOLK;0;EPI;LUVA;G
7898619334646;LUVA MALHA DE ACO SEM 53 CC TM-P ZIEGLER-VOLK;0;EPI;LUVA;P
2501504920774;LUVA MALHA DE ACO SEM 53 CC TM-PP ZIEGLER-VOLK;0;EPI;LUVA;PP
7896098823033;LUVA NITRILICA AMARELA FLOCADA REF. 230 TM-9 MUCAMBO;0;EPI;LUVA;9
7896098823026;LUVA NITRILICA AMARELA FLOCADA REF.230 TM-8 MUCAMBO;0;EPI;LUVA;8
10076490437456;LUVA NITRILICA AZUL TAM.7-P ANSELL;0;EPI;LUVA;P
10076490437463;LUVA NITRILICA AZUL TAM.8-M ANSELL;0;EPI;LUVA;M
10076490437470;LUVA NITRILICA AZUL TAM.9-G ANSELL;0;EPI;LUVA;G
7891040188796;LUVA NITRILICA CONFORT GRIP GLOVES TM-8 3M;0;EPI;LUVA;8
7891040188819;LUVA NITRILICA CONFORT GRIP GLOVES TM-9 3M;0;EPI;LUVA;9
7898494158931;LUVA NITRILICA VERDE PLASTCOR NITRITEX 90 TM-8;0;EPI;LUVA;8
7898494158948;LUVA NITRILICA VERDE PLASTCOR NITRITEX 90 TM-9;0;EPI;LUVA;9
7896098802625;LUVA NITRILICA VERDE PRO AF-15 TM-10 MUCAMBO;0;EPI;LUVA;10
7896098802595;LUVA NITRILICA VERDE PRO AF-15 TM-7 MUCAMBO;0;EPI;LUVA;7
7896098802601;LUVA NITRILICA VERDE PRO AF-15 TM-8 MUCAMBO;0;EPI;LUVA;8
7896098802618;LUVA NITRILICA VERDE PRO AF-15 TM-9 MUCAMBO;0;EPI;LUVA;9
2501504920279;LUVA PIGMENTADA 001 CP-03 PLASTICOR;0;EPI;LUVA;
2501504920224;LUVA PIGMENTADA BEGE/AZUL 044-PI TM-9.5 JUNDTEX;0;EPI;LUVA;9,5
2501504920361;LUVA PIGMENTADA L01 BEGE/BRANCO TSUZUKI;0;EPI;LUVA;
7894854189119;LUVA POLIAMIDA ULTRANE 548 MUCAMBO;0;EPI;LUVA;
2501504920125;LUVA TERMICA 2 DEDOS BENETHERM-UP;0;EPI;LUVA;
7898290225851;"LUVA TERMICA GRAFATEX CANO LONGO 12"" LAMARE";0;EPI;LUVA;12
7898342536454;LUVA TERMICA GRAFATEX CANO LONGO TM-10;0;EPI;LUVA;10
2501504920545;LUVA TERMICA LATEX TAM- G CORAL DANNY;0;EPI;LUVA;G
2501504920538;LUVA TERMICA LATEX TAM-M CORAL DANNY;0;EPI;LUVA;M
2501504920552;LUVA TERMICA LATEX TAM-P CORAL DANNY;0;EPI;LUVA;P
2501504920569;LUVA TERMICA LATEX TAM-XG CORAL DANNY;0;EPI;LUVA;XG
2501504920262;LUVA TERMICA POWERFLEX 80-400 TM-9;0;EPI;LUVA;9
2501504920118;LUVA TERMICA SOTF 40CM RRA;0;EPI;LUVA;40
7898207213308;LUVA THERMA GRIP VOLK BRASIL;0;EPI;LUVA;
2501504920637;LUVA VAQUETA PETROLEIRA MSL TM-G;0;EPI;LUVA;G
2501504920897;LUVA VAQUETA PETROLEIRA FENA;0;EPI;LUVA;
7894854021010;LUVA VAQUETA PETROLEIRA SOFT TM- 9;0;EPI;LUVA;9
1201758985;LUVA VAQUETA PUNHO RASPA 20 CM PROCIPA;0;EPI;LUVA;
2501504920590;MANGOTE LONA C/ELÁSTICO MARSEG;0;EPI;MANGOTE;
2501504920170;MANGOTE LONA MG04-E M MARTINS & SA;0;EPI;MANGOTE;
7891040246601;MASCARA DE PROTECAO RESPIRATORIA PPF-2 9820BR 3M;0;EPI;MASCARA;
2501504920743;MASCARA DE SOLDA CELERON VISOR ARTICULADO;0;EPI;MASCARA;
7891040132195;MASCARA DESCARTAVEL 8822 PFF-2 3M SEM VÁLVULA;0;EPI;MASCARA;
2501504920873;MEIA ALGODAO TERMICA BRANCA BRASIL SAFETY;0;EPI;MEIA;
2501504920033;MEIAO BRANCO P/CAMARA FRIA MEACR BRASIL SAFETY;0;EPI;MEIAO;
2501504920507;MEIAO TERMICO FRIGO. NAPOLI;0;EPI;MEIAO;
7898524002524;OCULOS ACQUA CINZA XV101-BR HONEYWELL;0;EPI;OCULOS;
7898524002517;OCULOS ACQUA INCOLOR XV100-BR HONEYWELL;0;EPI;OCULOS;
7790652000222;OCULOS ARGON IN HC 900499-IC LIBUS;0;EPI;OCULOS;
7898390940265;OCULOS DE SEGURANCA JAGUAR KALIPSO;0;EPI;OCULOS;
7898936784124;OCULOS DE SEGURANCA RJ-INCOLOR B-1 POLI-FERR;0;EPI;OCULOS;
7898489558050;OCULOS DE SOBREPOR INCOLOR PROVISION CARBOGRAFITE;0;EPI;OCULOS;
7896353820197;OCULOS FENIX INCOLOR DA-14500 DANNY;0;EPI;OCULOS;
7898161062486;OCULOS SPECTRA 2000 INCOLOR CARBOGRAFITE;0;EPI;OCULOS;
2501504920736;PERNEIRA DE RASPA PRO3-B 36CM C/VELCRO;0;EPI;PERNEIRA;36
7891040121625;PROTETOR AURICULAR POMP PLUS SILICONE 3M;0;EPI;PROTETOR;
7891040026098;RESPIRADOR DESCARTAVEL COM VALVULA REF. 8822 PFF-2 3M;0;EPI;RESPIRADOR;
7891040205035;RESPIRADOR SEMIFACIAL SERIE 6200 TM-M 3M;0;EPI;RESPIRADOR;
7893963009073;SAPATO EVA PRETO TAM- 40 MARLUVAS;0;EPI;SAPATO;40
7896933808362;SAPATO BRANCO 50F61-SRV TRU LINE 37 MARLUVAS;0;EPI;SAPATO;37
7893963808362;SAPATO BRANCO 50F61-SRV TRU LINE 38 MARLUVAS;0;EPI;SAPATO;38
7893963542266;SAPATO BRANCO 70T19-BP C/ELASTICO 33 MARLUVAS;0;EPI;SAPATO;33
7893963542273;SAPATO BRANCO 70T19-BP C/ELASTICO 34 MARLUVAS;0;EPI;SAPATO;34
7893963542280;SAPATO BRANCO 70T19-BP C/ELASTICO 35 MARLUVAS;0;EPI;SAPATO;35
7893963542297;SAPATO BRANCO 70T19-BP C/ELASTICO 36 MARLUVAS;0;EPI;SAPATO;36
7893963542303;SAPATO BRANCO 70T19-BP C/ELASTICO 37 MARLUVAS;0;EPI;SAPATO;37
7893963542310;SAPATO BRANCO 70T19-BP C/ELASTICO 38 MARLUVAS;0;EPI;SAPATO;38
7893963542327;SAPATO BRANCO 70T19-BP C/ELASTICO 39 MARLUVAS;0;EPI;SAPATO;39
7893963542334;SAPATO BRANCO 70T19-BP C/ELASTICO 40 MARLUVAS;0;EPI;SAPATO;40
7893963542341;SAPATO BRANCO 70T19-BP C/ELASTICO 41 MARLUVAS;0;EPI;SAPATO;41
7893963542358;SAPATO BRANCO 70T19-BP C/ELASTICO 42 MARLUVAS;0;EPI;SAPATO;42
7893963542365;SAPATO BRANCO 70T19-BP C/ELASTICO 43 MARLUVAS;0;EPI;SAPATO;43
7893963542372;SAPATO BRANCO 70T19-BP C/ELASTICO 44 MARLUVAS;0;EPI;SAPATO;44
7893963009035;SAPATO EVA PRETO TAM-37 MARLUVAS;0;EPI;SAPATO;37
7893963923010;SAPATO EVA PRETO TAM-39 MARLUVAS;0;EPI;SAPATO;39
7893963009103;SAPATO EVA PRETO TAM-42 MARLUVAS;0;EPI;SAPATO;42
7893963101371;SAPATO PRETO 50F61-SRV 34 MARLUVAS;0;EPI;SAPATO;34
7893963101340;SAPATO PRETO 50F61-SRV 35 MARLUVAS;0;EPI;SAPATO;35
7893963101364;SAPATO PRETO 50F61-SRV 37 MARLUVAS;0;EPI;SAPATO;37
789396008991;SAPATO PRETO 50F61-SRV TRU LINE 33 MARLUVAS;0;EPI;SAPATO;33
7893963744493;SAPATO PRETO 50F61-SRV TRUE LINE 34 MARLUVAS;0;EPI;SAPATO;34
7893963744509;SAPATO PRETO 50F61-SRV TRUE LINE 35 MARLUVAS;0;EPI;SAPATO;35
7893963744516;SAPATO PRETO 50F61-SRV TRUE LINE 36 MARLUVAS;0;EPI;SAPATO;36
7893963744523;SAPATO PRETO 50F61-SRV TRUE LINE 37 MARLUVAS;0;EPI;SAPATO;37
7893963744530;SAPATO PRETO 50F61-SRV TRUE LINE 38 MARLUVAS;0;EPI;SAPATO;38
7893963744547;SAPATO PRETO 50F61-SRV TRUE LINE 39 MARLUVAS;0;EPI;SAPATO;39
7893963744554;SAPATO PRETO 50F61-SRV TRUE LINE 40 MARLUVAS;0;EPI;SAPATO;40
7893963744561;SAPATO PRETO 50F61-SRV TRUE LINE 41 MARLUVAS;0;EPI;SAPATO;41
7893963744578;SAPATO PRETO 50F61-SRV TRUE LINE 42 MARLUVAS;0;EPI;SAPATO;42
7893963764811;SAPATO PRETO 50F61-SRV TRUE LINE 43 MARLUVAS;0;EPI;SAPATO;43
7893963008991;SAPATO PRETO EVA TAM-34 MARLUVAS;0;EPI;SAPATO;34
7893963009004;SAPATO PRETO EVA TAM-35 MARLUVAS;0;EPI;SAPATO;35
7898552297152;SAPATO STICKY NOR PRETA 39 CANADA EPI;0;EPI;SAPATO;39
7898552297190;SAPATO STICKY NOR PRETO 35 CANADA EPI;0;EPI;SAPATO;35
7898552290115;SAPATO STICKY SHOE BRANCO 43 CANADA EPI;0;EPI;SAPATO;43
7899959503730;SAPATO STICKY SHOE MAN 40 CANADA EPI;0;EPI;SAPATO;40
7899959503747;SAPATO STICKY SHOE MAN 41 CANADA EPI;0;EPI;SAPATO;41
7899959503488;SAPATO STICKY SHOE MAN BRANCO 42 CANADA EPI;0;EPI;SAPATO;42
7899959503495;SAPATO STICKY SHOE MAN BRANCO 43 CANADA EPI;0;EPI;SAPATO;43
7899959503501;SAPATO STICKY SHOE MAN BRANCO 44;0;EPI;SAPATO;44
7899959503754;SAPATO STICKY SHOE MAN PRETO 42 CANADA EPI;0;EPI;SAPATO;42
7899959503761;SAPATO STICKY SHOE MAN PRETO 43 CANADA EPI;0;EPI;SAPATO;43
7898552290221;SAPATO STICKY SHOE PRETO 41 CANADA EPI;0;EPI;SAPATO;41
7899959514729;SAPATO STICKY SHOE UNISSEX 41 CANADA EPI;0;EPI;SAPATO;41
7899959514538;SAPATO STICKY SHOE UNISSEX BRANCO 40 CANADA EPI;0;EPI;SAPATO;40
7899959514705;SAPATO STICKY SHOE UNISSEX PRETO 39 CANADA EPI;0;EPI;SAPATO;39
7899959504812;SAPATO STICKY SHOE WOMAN BRANCO 37 CAMADA EPI;0;EPI;SAPATO;37
7899959504836;SAPATO STICKY SHOE WOMAN BRANCO 39 CANADA EPI;0;EPI;SAPATO;39
7899959506830;SAPATO STICKY SHOE WOMAN BRANCO 33 CANADA EPI;0;EPI;SAPATO;33
7899959504973;SAPATO STICKY SHOE WOMAN BRANCO 34 CANADA EPI;0;EPI;SAPATO;34
7899959504799;SAPATO STICKY SHOE WOMAN BRANCO 35 CANADA EPI;0;EPI;SAPATO;35
7899959504805;SAPATO STICKY SHOE WOMAN BRANCO 36 CANADA EPI;0;EPI;SAPATO;36
7899959504829;SAPATO STICKY SHOE WOMAN BRANCO 38 CANADA EPI;0;EPI;SAPATO;38
7899959505321;SAPATO STICKY SHOE WOMAN BRANCO 41 CANADA EPI;0;EPI;SAPATO;41
7899959505413;SAPATO STICKY SHOE WOMAN PRETA 34 CANADA EPI;0;EPI;SAPATO;34
7899959504850;SAPATO STICKY SHOE WOMAN PRETA 35 CANADA EPI;0;EPI;SAPATO;35
7899959504867;SAPATO STICKY SHOE WOMAN PRETA 36 CANADA EPI;0;EPI;SAPATO;36
7899959504874;SAPATO STICKY SHOE WOMAN PRETA 37 CANADA EPI;0;EPI;SAPATO;37
7899959504881;SAPATO STICKY SHOE WOMAN PRETA 38 CANADA EPI;0;EPI;SAPATO;38
7899959504898;SAPATO STICKY SHOE WOMAN PRETA 39 CANADA EPI;0;EPI;SAPATO;39
7899959504904;SAPATO STICKY SHOE WOMAN PRETA 40 CANADA EPI;0;EPI;SAPATO;40
7899959505420;SAPATO STICKY SHOE WOMAN PRETA 41 CANADA EPI;0;EPI;SAPATO;41
7899959506854;SAPATO STICKY SHOE WOMAN PRETO 33 CANADA EPI;0;EPI;SAPATO;33
7899656400226;TOUCA BALACLAVA NINJA 000600087 MAICOL;0;EPI;TOUCA;
7898449087262;APOIO ERGONOMICO PARA OS PES;0;ESCRITORIO;APOIO;
7891360542322;APONTADOR FABER CASTEL;0;ESCRITORIO;APONTADOR;
7897975038939;BLOCO POST-IT 38X50 MM C/4 MAXP.NEON COLORIDOS;0;ESCRITORIO;BLOCO;
7897256292197;BLOCO ADESIVO 76 MMX 76 MM VERDE JOÇAR;0;ESCRITORIO;BLOCO;
7501035111783;BLOCO ADESIVO 76MM X 76MM AMARELO JOÇAR;0;ESCRITORIO;BLOCO;
7897975018139;BLOCO ADESIVO AMARELO 38MM X 50MM MAXPRINT;0;ESCRITORIO;BLOCO;
7896603899843;BLOCO ADESIVO MEMO C/4 AMARELO ADELBRAS;0;ESCRITORIO;BLOCO;
7896603801211;BLOCO AUTO ADESIVO NEON C/4 ADELBRAS;0;ESCRITORIO;BLOCO;
7896603899812;BLOCO AUTO-ADESIVO MEMO 100 FLS ADELBRAS;0;ESCRITORIO;BLOCO;
2501504950061;BOBINA PDV AMARELA 80 X 80MTS 48 GR THERMO PRINT;0;ESCRITORIO;BOBINA;
7893460231328;BOBINA PDV AMARELA 80MM X 80M KPR 48GR R-45 REGISPEL;0;ESCRITORIO;BOBINA;
7893460265125;BOBINA PDV BRANCA 80X80X44G R-50 REGISPEL;0;ESCRITORIO;BOBINA;
2501504950054;BOBINA PDV HIPER LANCHES 80MM X 80M VPLASER;0;ESCRITORIO;BOBINA;
7893460249521;BOBINA PDV HIPER LANCHES AMARELA 80X80 48G REGISPEL;0;ESCRITORIO;BOBINA;
2501504950122;BOBINA PDV HIPER LANCHES BRANCA 80MM X 80M;0;ESCRITORIO;BOBINA;
2501504950009;BOBINA PDV PERSON 80MM X 80M KPR 48GR PDV BH;0;ESCRITORIO;BOBINA;
2501504950047;BOBINA PDV PERSON 80MM X 80M KPR 48GR VPLASER;0;ESCRITORIO;BOBINA;
2501504950016;BOBINA PDV PERSON 80MM X 80MT KPH 48GR BH;0;ESCRITORIO;BOBINA;
2501504950078;BOBINA PDV PERSON SALMAO 80MM X 80M KPR 48GR THI;0;ESCRITORIO;BOBINA;
7893460226072;BOBINA PDV SALMAO 80MM X 80M KPR 48GR R-34 REGISPEL;0;ESCRITORIO;BOBINA;
2501504950092;BOBINA TERMICA 57MM X 80M RELOGIO DE PONTO MEX PAPER;0;ESCRITORIO;BOBINA;
2501504950108;BOBINA TERMICA 57MM X 80M RELOGIO DE PONTO NASX;0;ESCRITORIO;BOBINA;
2501504950030;BOBINA TERMICA 57MM X 80M RELOGIO PONTO BH;0;ESCRITORIO;BOBINA;
7893460225167;BOBINA TERMICA 57MM X 80M RELOGIO PONTO REGISPEL;0;ESCRITORIO;BOBINA;
7898937106076;BOBINA TERMICA 79X30M RELOGIO PONTO DML THEGA;0;ESCRITORIO;BOBINA;
7896342436231;BORRACHA TR 18 MERCU;0;ESCRITORIO;BORRACHA;
7898285031320;CADERNETA DE BOLSO PANAMERICANA;0;ESCRITORIO;CADERNETA;
7898285031344;CADERNETA ESPIRAL 1/8 PAUTADA 96 FLS PANAMERICANA;0;ESCRITORIO;CADERNETA;
7897571925817;CADERNO 01 MATERIA NEUTRO TAMOIO;0;ESCRITORIO;CADERNO;
7898927470890;CADERNO 1/4 CAPA DURA ESPIRAL 200 FLS X-PHOTO MAXÍMA;0;ESCRITORIO;CADERNO;
7897571925848;CADERNO 200 FOLHAS TAMOIO;0;ESCRITORIO;CADERNO;
7898944524101;CADERNO APONTAMENTO ESPIRAL;0;ESCRITORIO;CADERNO;
7894494000607;CADERNO BROCHURA UNIVERSITARIO CD AZUL 96 FLS STIFF;0;ESCRITORIO;CADERNO;
7898940976812;CADERNO BROCHURÃO 96 FLS VERMELHO CAPA DURA UNIVERSAL;0;ESCRITORIO;CADERNO;
7898938670203;CADERNO CAPA DURA 96 FLS GRANDE X-PHOTO MAXIMA;0;ESCRITORIO;CADERNO;
7891027127954;CADERNO CAPA DURA ESPIRAL 96 FLS GDE UNIV. TILIBRA;0;ESCRITORIO;CADERNO;
7898936257253;CADERNO CAPADURA COSTURADO AZUL MAXIMA;0;ESCRITORIO;CADERNO;
7898936257086;CADERNO CAPADURA COSTURADO VERMELHO MAXIMA;0;ESCRITORIO;CADERNO;
7897571924124;CADERNO CD NEUTRO 96FLS PRETO TAMOIO;0;ESCRITORIO;CADERNO;
7898938670210;CADERNO DE CAPA DURA 10 MATERIAS X-PHOTO MAXIMA;0;ESCRITORIO;CADERNO;
7894494281446;CADERNO ESPIRAL UNIVERSITÁRIO CD 10 MATERIAS 200 FLS BRASILIDADE JANDAIA;0;ESCRITORIO;CADERNO;
7897571925824;CADERNO NEUTRO UNIVERSITARIO 200 FLS 10 MATERIAS TAMOIO;0;ESCRITORIO;CADERNO;
7897571924230;CADERNO UNIVERSITARIO CD 200FLS AZUL TAMOIO;0;ESCRITORIO;CADERNO;
7897571924193;CADERNO UNIVERSITARIO CD 96FLS AZUL TAMOIO;0;ESCRITORIO;CADERNO;
7896292224537;CAIXA ARTICULADA TRIPLA P/ CORRESPONDENCIA;0;ESCRITORIO;CAIXA;
7896292224513;CAIXA CORRESPONDENCIA ARTICULAVEL ACRIMET;0;ESCRITORIO;CAIXA;
7898030050170;CAIXA CORRESPONDENCIA NOVACRIL TRIPLA ARTICULAVEL FUME;0;ESCRITORIO;CAIXA;
7897294401049;CAIXA CORRESPONDENCIA REF-2451 ACRIMET;0;ESCRITORIO;CAIXA;
7897832852128;CAIXA PARA CORRESPONDÊNCIA ARTICULÁVEL DELLO;0;ESCRITORIO;CAIXA;
4549526603822;CALCULADORA DE MESA 10 DIGÍTOS PRETA SL 310 CÁSIO;0;ESCRITORIO;CALCULADORA;
7896326913727;CALCULADORA DE MESA C-204 10D CIS;0;ESCRITORIO;CALCULADORA;
7896326913741;CALCULADORA DE MESA C206N CIS;0;ESCRITORIO;CALCULADORA;
7897013517402;CALCULADORA DE MESA MV 4123 ELGIN;0;ESCRITORIO;CALCULADORA;
4549526604782;CALCULADORA DEKSTOP DR-120R-BK CASSIO;0;ESCRITORIO;CALCULADORA;
7897373101051;CALCULADORA DESKTOP CALC-7076 8D INOVA;0;ESCRITORIO;CALCULADORA;
7897373101006;CALCULADORA DESKTOP CALC-7067 12D INOVA;0;ESCRITORIO;CALCULADORA;
7897013526107;CALCULADORA ELETRÔNICA DE MESA MB 7142 ELGIN 14 DÍGITOS;0;ESCRITORIO;CALCULADORA;
7897013517396;CALCULADORA ELETRÔNICA ELGIN 12 DÍGITOS MV 4122;0;ESCRITORIO;CALCULADORA;
7897013548338;CALCULADORA ELETRONICA ELGIN DE BOLSO 8 DÍGITOS CB 1485;0;ESCRITORIO;CALCULADORA;
7898119103605;CALCULADORA ELETRÔNICA MASTERPRINT MP 1086;0;ESCRITORIO;CALCULADORA;
7897013514166;CALCULADORA ELETRONICA MR 6124 ELGIN;0;ESCRITORIO;CALCULADORA;
7896572000547;CANETA AZUL 0.7 COMPACTOR;0;ESCRITORIO;CANETA;
7503486011674;CANETA AZUL 0.7 PAPER MATE;0;ESCRITORIO;CANETA;
70330129627;CANETA AZUL BIC;0;ESCRITORIO;CANETA;
7896572029609;CANETA AZUL ECONOMIC COMPACTOR;0;ESCRITORIO;CANETA;
7896572013851;CANETA ECONOMIC COMPACTOR AZUL;0;ESCRITORIO;CANETA;
7896572012847;CANETA ESFEROFRAFICA 0.7MM AZUL COMPACTOR;0;ESCRITORIO;CANETA;
7898272520066;CANETA FIXA POLIBA C/B;0;ESCRITORIO;CANETA;
7898272520073;CANETA FIXA POLIDA COM SUPORTE;0;ESCRITORIO;CANETA;
7896326912188;CANETA MARCA TEXTO AMARELA LUMINI CIS;0;ESCRITORIO;CANETA;
7898119104619;CANETA MARCA TEXTO AMARELA MP612 MASTERPRINT;0;ESCRITORIO;CANETA;
7898936754233;CANETA MARCA TEXTO AMARELO FLUORESCENTE BRW;0;ESCRITORIO;CANETA;
7898119104657;CANETA MARCA TEXTO ROSA MASTERPRINT;0;ESCRITORIO;CANETA;
7897256272038;CANETA MARCADOR JOCAR OFFICE PRETA 2.0;0;ESCRITORIO;CANETA;2.0 MM
7897424080984;CANETA PARA RETROJETOR 1,0MM MARCADOR PILOT;0;ESCRITORIO;CANETA;1.0 MM
70330129665;CANETA PRETA BIC;0;ESCRITORIO;CANETA;
7896572029630;CANETA PRETA COMPACTOR ECONIMIC;0;ESCRITORIO;CANETA;
7897424080878;CANETA PRETA RETROPROJETOR PITLOT 2.0 MM;0;ESCRITORIO;CANETA;2.0 MM
7897975073077;CANETA RETRO PROJETOR 1.0MM CD/DVD AZUL MAXPRINT;0;ESCRITORIO;CANETA;1.0 MM
7897975073251;CANETA RETROPROJETOR VERMELHA 2.0MM MAXPRINT;0;ESCRITORIO;CANETA;2.0 MM
70330129634;CANETA VERMELHA BIC;0;ESCRITORIO;CANETA;
7897424080892;CANETA VERMELHA RETROPROJETOR PILOT;0;ESCRITORIO;CANETA;
7899589600083;CARTAO DE VISITA COM ENVELOPE ASSETE PAPEIS;0;ESCRITORIO;CARTAO;
7897249541608;CARTAO VISITA FLIP-TOP DIAMANTE ROMITEC;0;ESCRITORIO;CARTAO;
7896041926019;CARTAO VISITA PIMACO REF-7088 BIC;0;ESCRITORIO;CARTAO;
7897849608121;CLIPS 10/0 ACO GALVANIZADO BACCHI;0;ESCRITORIO;CLIPS;10
#N/D;CLIPS 2/0 TOP;0;ESCRITORIO;CLIPS;2
7898928646348;CLIPS 2/0 WIRE FLEX;0;ESCRITORIO;CLIPS;2
7898033751739;CLIPS 3/0 TOP;0;ESCRITORIO;CLIPS;3
7898928646386;CLIPS 6/0 WIRE FLEX;0;ESCRITORIO;CLIPS;6
#N/D;CLIPS 8/0 BACCHI;0;ESCRITORIO;CLIPS;8
#N/D;COLA BASTAO 10G ;0;ESCRITORIO;COLA;10 G
#N/D;COLA BRANCA 40;0;ESCRITORIO;COLA;40 G
7897844200214;CORRETIVO LIQUIDO ZAS-TRAZ - 18ML;0;ESCRITORIO;CORRETIVO;18 ML
6921675433103;DISPENSADOR DE FITA 3310 GEMMES;0;ESCRITORIO;DISPENSADOR;
7898964789016;ELASTICO N.18 AMARELO PREMIER 2,2MM 1KG;0;ESCRITORIO;ELASTICO;2.2 MM
7896342410767;ELASTICO STANDARD MERCUR;0;ESCRITORIO;ELASTICO;
7896342910403;ELASTICO SUPER AMARELO 18 MERCUR;0;ESCRITORIO;ELASTICO;
7898563360067;ENVELOPE BRANCO 108 X 72 MM C/500;0;ESCRITORIO;ENVELOPE;500
7898563360012;ENVELOPE CARTA COF 010 OFFSET SCRITY;0;ESCRITORIO;ENVELOPE;
7899264314533;ENVELOPE CARTA FORONI;0;ESCRITORIO;ENVELOPE;
2501504950023;ENVELOPE DOSSIE A4 EMPRESAS;0;ESCRITORIO;ENVELOPE;
7898563360777;ENVELOPE KRAFT NATURAL SKN 018 SCRITY;0;ESCRITORIO;ENVELOPE;18
7896212682171;ENVELOPE KRAFT NATURAL SKN-017 SCRITY;0;ESCRITORIO;ENVELOPE;17
7898563360821;ENVELOPE KRAFT NATURAL SKN-032 SCRITY;0;ESCRITORIO;ENVELOPE;32
7898563360838;ENVELOPE KRAFT NATURAL SKN-034 SCRITY;0;ESCRITORIO;ENVELOPE;34
7896212686346;ENVELOPE KRAFT NATURAL SKN-34 REF-1810340 FORONI;0;ESCRITORIO;ENVELOPE;34
7896212686414;ENVELOPE KRAFT NATURAL SKN-41 REF-1810412 FORONI;0;ESCRITORIO;ENVELOPE;41
7899098114965;ENVELOPE OS MAITRA;0;ESCRITORIO;ENVELOPE;
7898563360760;ENVELOPE PARDO KRAFT NATURAL 80G SKN 017 SCRITY;0;ESCRITORIO;ENVELOPE;80 G
7896326960066;ESTILETE 29BP CIS;0;ESCRITORIO;ESTILETE;
7898119104541;ESTILETE GRANDE MASTERPRINT;0;ESCRITORIO;ESTILETE;
7503002900277;ESTILETE OFFICE JOCAR;0;ESCRITORIO;ESTILETE;
7898011979476;ESTILETE THOMPSON 18MM AMARELO;0;ESCRITORIO;ESTILETE;18 MM
7897216901763;EXTRACTOR DE GRAMPO CARBRINK;0;ESCRITORIO;EXTRACTOR;
6921615450827;EXTRACTOR DE GRAMPO GEMMES;0;ESCRITORIO;EXTRACTOR;
7898350670027;EXTRATOR DE GRAMPOS ZINCADO CA111 CAVIA;0;ESCRITORIO;EXTRATOR;
7899320369910;FITA ADESIVA DUPLA FACE 12X30 EUROCEL;0;ESCRITORIO;FITA;
7896603879074;FITA ADESIVA DUPLA FACE ADELBRAS;0;ESCRITORIO;FITA;
7896603803260;FITA ADESIVA DUPLA FACE ESPUMA ADELBRAS;0;ESCRITORIO;FITA;
7891040149322;FITA ADESIVA DUREX 18X50 3M;0;ESCRITORIO;FITA;3 M
7896603800528;FITA ADESIVA POLISIL 12X50M ADELBRAS;0;ESCRITORIO;FITA;
7896603801396;FITA ADESIVA QUALITAPE 18MM X 50M ADELBRAS;0;ESCRITORIO;FITA;
7897980700104;FITA ADESIVA TRANSPARENTE FIT-PEL 19MMX50M;0;ESCRITORIO;FITA;
7896342449514;FITA CORRETIVA 12M 991679 MERCUR;0;ESCRITORIO;FITA;
7899320385811;FITA CREPE 18MM X 50CM EUROCEL;0;ESCRITORIO;FITA;
7891040117932;FITA CREPE USO GERAL 19X50M 3M;0;ESCRITORIO;FITA;
7896193245839;FITA DUPLA FACE 19 MM X 10 MT DE ESPUMA ADERE;0;ESCRITORIO;FITA;
7899320389147;FITA DUREX 18MM X 50M EUROCEL;0;ESCRITORIO;FITA;
10343902053;FITA IMPRESSORA S015631 ESPON;0;ESCRITORIO;FITA;
7891040118809;FITA LARGA TRANSPARENTE 45MM X 45 M SCOTCH 3M;0;ESCRITORIO;FITA;
7898178200611;FITA PARA CALCULADORA BICOLOR PROCALC;0;ESCRITORIO;FITA;
7898178452331;FITA PARA CALCULADORA SHARP COLORPRINT;0;ESCRITORIO;FITA;
7898119100840;FITA PARA CALCULADORA SHARP MASTERPRINT;0;ESCRITORIO;FITA;
7898573160060;FITA PARA EMBALAGEM TACK TAPE 48MM X 50M;0;ESCRITORIO;FITA;
7896603899980;FITA PARA EMBALAGEM QUALITAPE 48MM X 40M ADELBRAS;0;ESCRITORIO;FITA;
7896603899959;FITA PARA EMBALAGEM QUALITAPE 48MM X 45M ADELBRAS;0;ESCRITORIO;FITA;
7896603800122;FITA PARA EMBALAGEM QUALITAPE 48MM X 50M ADELBRAS;0;ESCRITORIO;FITA;
7898573160008;FITA PARA EMBALAGEM TACK TAPE 48MM X 45M;0;ESCRITORIO;FITA;
2501504950085;FITA PARA MAQUINA NYLON EXTRA IBRAFITAS;0;ESCRITORIO;FITA;
7899320387365;FITA PVC P/EMBALAGEM TRANSP. 45MMM X 45M EUROCEL;0;ESCRITORIO;FITA;
7895110176072;FOLHA CONTINUA BRANCO 80 COLUNAS JANDAIA;0;ESCRITORIO;FOLHA;
7895110171268;FORMULÁRIO CONTÍNUO PRATIC FORM JANDAIA;0;ESCRITORIO;FORMULÁRIO;
7897975015985;FORMULÁRIO CONTÍNUO RB RIO BRANCO;0;ESCRITORIO;FORMULÁRIO;
7898656450200;FORMULARIOS CONTINUOS 80C 1V/BR DIPLOMATA 3000;0;ESCRITORIO;FORMULARIOS;
7891360484011;GRAFITE 0.7MM HB MEDIA 0724B FABER CASTELL;0;ESCRITORIO;GRAFITE;
7891360472728;GRAFITE MAX RESISTENTE HB 0.7 FABER CASTELL;0;ESCRITORIO;GRAFITE;0.7
842048014942;GRAMPEADOR EVO COMPACTO PAPERPRO;0;ESCRITORIO;GRAMPEADOR;
842048014249;GRAMPEADOR EVO DESKTOP2-20FLS PAPERPRO;0;ESCRITORIO;GRAMPEADOR;
7898119104329;GRAMPEADOR MASTERPRINT 11,5CM MP300;0;ESCRITORIO;GRAMPEADOR;
7897476665146;GRAMPEADOR METAL TRIS T945 20 FOLHAS;0;ESCRITORIO;GRAMPEADOR;
7896326962886;GRAMPEADOR STAPPOWER C-40 CIS;0;ESCRITORIO;GRAMPEADOR;40 CIS
7896326962893;GRAMPEADOR STAPPOWER C-50 CIS;0;ESCRITORIO;GRAMPEADOR;50 CIS
7896303601180;GRAMPO 26/6 ACC ACO GALVANIZADO C/5000 UNIDADES;0;ESCRITORIO;GRAMPO;5000 UNIDADES
7896326925577;GRAMPO EAGLE 26/6 SERTIC;0;ESCRITORIO;GRAMPO;
7897849622134;GRAMPO GALVANIZADO ENAK 23 23/13 BACCHI;0;ESCRITORIO;GRAMPO;
7897294406525;GRAMPO ORGANIZADOR MAXXI WALEU;0;ESCRITORIO;GRAMPO;
7896303600947;GRAMPO PARA PASTA TRILHO ACC;0;ESCRITORIO;GRAMPO;
7897832805223;GRAMPO PLASTICO DELLOFIX;0;ESCRITORIO;GRAMPO;
7898033752538;GRAMPOS TOP 26/6 GALVANIZADOS 5000 UNIDADES;0;ESCRITORIO;GRAMPOS;5000 UNIDADES
7897849622110;GRAMPOS GALVANIZADOS ENAK 23/10 BACCHI;0;ESCRITORIO;GRAMPOS;
7896326907580;LAMINA PARA ESTILETE ESTOJO LA-L10 CIS;0;ESCRITORIO;LAMINA;
7896326929384;LAPIS PRETO N-2HB CIS;0;ESCRITORIO;LAPIS;
2501504950115;LAPIS PRETO NRO 02 MASTERPRINT MP 740;0;ESCRITORIO;LAPIS;
70330423497;LAPIS PRETO REDONDO BIC EVOLUTION HB;0;ESCRITORIO;LAPIS;
70330413993;LAPIS PRETO REDONDO EVOLUTION 2HB BIC;0;ESCRITORIO;LAPIS;
7896572025694;LAPISEIRA 0.7MM NOVA ALUNO COMPACTOR;0;ESCRITORIO;LAPISEIRA;0.7 MM
7896572001087;LAPISEIRA AZUL 0.7MM COMPACTOR;0;ESCRITORIO;LAPISEIRA;0.7 MM
7897975073596;LAPISEIRA TECNICA 0.7MM MAXPRINT;0;ESCRITORIO;LAPISEIRA;0.7 MM
7893688013041;LIVRO DE PROTOCOLO COM 100 FOLHAS GRIFFE;0;ESCRITORIO;LIVRO;100
7891027120542;LIVRO PROTOC CORRESP 104FLS TILIBRA;0;ESCRITORIO;LIVRO;
7891027126865;LIVRO PROTOC CORRESP 52FLS TILIBRA;0;ESCRITORIO;LIVRO;
7897424082223;MARCADOR PERMANENTE PRETO 1.0MM PILOT;0;ESCRITORIO;MARCADOR;1.0 MM
71641033894;MARCADOR PERMANENTE TANK PRETO - SHARPIE;0;ESCRITORIO;MARCADOR;
9556089015790;MARCADOR QB RECARREGAVEL W20 FABER-CASTELL;0;ESCRITORIO;MARCADOR;
7897424081387;MARCADOR QUADRO BRANCO AZUL PILOT;0;ESCRITORIO;MARCADOR;
7897424081394;MARCADOR QUADRO BRANCO PRETO PILOT;0;ESCRITORIO;MARCADOR;
71641033863;MARCADOR TANK PONTA GROSSA AZUL SHARPIE;0;ESCRITORIO;MARCADOR;
71641033856;MARCADOR TANK PONTA GROSSA PRETO SHARPIE;0;ESCRITORIO;MARCADOR;
7897254103648;MOLHA DEDOS AQUA MAGIC 12 GR RADEX;0;ESCRITORIO;MOLHA;
7893688013652;NOTA PROMISSORIA GRIFFE;0;ESCRITORIO;NOTA;
7897294402787;ORGANIZADOR DE MOEDAS CRISTAL 270 WALEU;0;ESCRITORIO;ORGANIZADOR;
7896292286405;ORGANIZADOR VERTICAL FUME 8640 ACRIMET;0;ESCRITORIO;ORGANIZADOR;
7891173022868;PAPEL A4 MULTI 500FLS CHAMEX;0;ESCRITORIO;PAPEL;
7891070002543;PAPEL ADESIVO CONTACT TRANSPARENTE VULCAN;0;ESCRITORIO;PAPEL;
7896326933213;PAPEL CARBONO PARA MANUSCRITO CIS;0;ESCRITORIO;PAPEL;
7898457746373;PAPEL CARBONO PRETO A4 GRAMP LINE PT 100 FL;0;ESCRITORIO;PAPEL;
7891191003702;PAPEL REPORT A3 PREMIUM SUZANO;0;ESCRITORIO;PAPEL;
7891173022967;PAPEL SULFITE A3 CHAMEX 75G 500FLS;0;ESCRITORIO;PAPEL;
7891191003672;PAPEL SULFITE A4 BRANCO 500FLS COPIMAX;0;ESCRITORIO;PAPEL;
7891191004129;PAPEL SULFITE A4 REPORT SUZANO;0;ESCRITORIO;PAPEL;
7891173023001;PAPEL SULFITE OFFICE A4 500FLS CHAMEX;0;ESCRITORIO;PAPEL;
7891634329345;PAPEL VERGE A4 50 FLS BRANCO FILIPAPER;0;ESCRITORIO;PAPEL;
7891634329963;PAPEL VERGE A4 TURMALINA VERDE 50 FLS FILIPAPER;0;ESCRITORIO;PAPEL;
7898119104268;PAPEL VERGE TESTURIZADO BRANCO MASTERPRINT;0;ESCRITORIO;PAPEL;
7897832841238;PASTA ABA ELASTICA OFICIO 40MM CRISTAL DELLO LINE;0;ESCRITORIO;PASTA;40 MM
7897027202219;PASTA ABA ELÁSTICO 20MM ACP;0;ESCRITORIO;PASTA;20 MM
7896452817012;PASTA ABA ELASTICO A40B TRANSPARENTE PLASCONV;0;ESCRITORIO;PASTA;
7897027202226;PASTA ABA ELÁSTICO OFÍCIO 20MM FUMÊ ACP;0;ESCRITORIO;PASTA;20 MM
7897832840972;PASTA ABA ELASTICO OFICIO CRISTAL 3CM DELLO LINE;0;ESCRITORIO;PASTA;3 CM
7897027202417;PASTA ABA ELASTICO OFICIO REF-1024 40MM ACP;0;ESCRITORIO;PASTA;40 MM
7897027202110;PASTA ABA ELASTICO REF-1021 CRISTA ACP;0;ESCRITORIO;PASTA;
7897832840491;PASTA ABA ESLATICO OFICIO LINE 0254-H DELLO;0;ESCRITORIO;PASTA;
7897027201229;PASTA CATALOGO 50FLS 122 ACP;0;ESCRITORIO;PASTA;
7897027201670;PASTA CATALOGO OFCIO 100 FLS ACP;0;ESCRITORIO;PASTA;
7897027206842;PASTA DE PVC COM ZIPER E VISOR ACP;0;ESCRITORIO;PASTA;
7896644705097;PASTA SANFONA 12DV REF-92517 CRISTAL POLIBRAS;0;ESCRITORIO;PASTA;
7896644726399;PASTA SANFONA 31DV REF-91917 CRISTAL POLIBRAS;0;ESCRITORIO;PASTA;
7897027200093;PASTA SANFONA PP OFICIO 12DV CRISTAL ACP;0;ESCRITORIO;PASTA;
7897478404101;PASTA SUSPENSA MARM HASTE PLASTICA POLYCART;0;ESCRITORIO;PASTA;
7891234000026;PASTA SUSPENSA MARMORIZADA C/PLAST. TIMPEL;0;ESCRITORIO;PASTA;
7898923324203;PERFURADOR 2 FUROS FR-202 ADECK;0;ESCRITORIO;PERFURADOR;
7897185957600;PERFURADOR DE PAPEL GOLLER SYSTEMATIC;0;ESCRITORIO;PERFURADOR;
7898457746946;PERFURADOR DE PAPEL GRAMP LINE GE 20;0;ESCRITORIO;PERFURADOR;
7896657825751;PINCEL ATOMICO PERMANENTE AZUL BIG NEWPEN;0;ESCRITORIO;PINCEL;
7896657825836;PINCEL ATOMICO PERMANENTE PRETO BIG NEWPEN;0;ESCRITORIO;PINCEL;
7897424080755;PINCEL MARCADOR ATOMICO AZUL 1100-P PILOT;0;ESCRITORIO;PINCEL;
7897424080762;PINCEL MARCADOR ATOMICO PRETO 1100-P PILOT;0;ESCRITORIO;PINCEL;
7897424080786;PINCEL MARCADOR ATOMICO VERMELHO 1100-P PILOT;0;ESCRITORIO;PINCEL;
7897256283904;PINCEL MARCADOR PERMANENTE AZUL SLIM JOCAR OFFICE;0;ESCRITORIO;PINCEL;
7897256283911;PINCEL MARCADOR PERMANENTE PRETO SLIM JOCAR OFFICE;0;ESCRITORIO;PINCEL;
7897095046036;PINCEL MARCADOR PERMANENTE SHARPIE VERDE;0;ESCRITORIO;PINCEL;
7897256257646;PINCEL QUADRO BRANCO JOGAR AZUL RECARREGÁVEL;0;ESCRITORIO;PINCEL;
7898078750186;PLASTICO ADESIVO REPOSICIONAVEL PLASTCOVER;0;ESCRITORIO;PLASTICO;
7898078752456;PLASTICO PLASTIFICACAO 45CM X 25M PLASTICOVER;0;ESCRITORIO;PLASTICO;
7898446553081;PLASTICO PLASTIFICACAO A3 POUCH FILM;0;ESCRITORIO;PLASTICO;
7899178592485;PLASTICO PLASTIFICACAO A4 175 MIC POLASEAL;0;ESCRITORIO;PLASTICO;
7897832851442;PORTA CANETA/CLIP/LEMBRETE CRISTAL DELLO;0;ESCRITORIO;PORTA;
7897832851466;PORTA CANETAS CLIPS LEMBRETE DELLOCOLOR;0;ESCRITORIO;PORTA;
7897237301887;PORTA QUADRO HORARIO DE TRABALHO DAC;0;ESCRITORIO;PORTA;
7896309204385;PRANCHETA 1/2 OFICIO PRENDEDOR METAL SOUZA;0;ESCRITORIO;PRANCHETA;
7898452170333;PRANCHETA DURATEX OFFICE NATURAL STALO;0;ESCRITORIO;PRANCHETA;
7897216950013;PRANCHETA DURATEX OFICIO C/ PRENDEDOR ZINCADO;0;ESCRITORIO;PRANCHETA;
7897294402855;PRANCHETA LUXO CRISTAL WALEU;0;ESCRITORIO;PRANCHETA;
7896309204361;PRANCHETA OF DURATEX PRENDEDOR METAL 3017 SOUZA;0;ESCRITORIO;PRANCHETA;
7896292293038;PRANCHETA OFICIO ACRILICO CRISTAL 930;0;ESCRITORIO;PRANCHETA;
7898449082892;PRANCHETA OFICIO DURATEX STALO;0;ESCRITORIO;PRANCHETA;
7896326910672;PRENDEDOR DE PAPEL PRETO CIS 25MM;0;ESCRITORIO;PRENDEDOR;25MM
7896326910696;PRENDEDOR DE PAPEL PRETO CIS 41MM;0;ESCRITORIO;PRENDEDOR;41MM
7891027151454;RECIBO COMERCIAL C/CANHOTO 50FLS TILIBRA;0;ESCRITORIO;RECIBO;
7897478402732;REGISTRADOR A/Z OFICIO LARGO REF-9010P POLYCART;0;ESCRITORIO;REGISTRADOR;
7897294401636;REGUA 30CM NEW LINE CRISTAL WALEU;0;ESCRITORIO;REGUA;
7896292298101;REGUA ESCOLAR 30CM CRISTAL REF-981 ACRIMET;0;ESCRITORIO;REGUA;
7897832823227;REGUA TRANSPARENTE 30CM DELLO;0;ESCRITORIO;REGUA;
7897237337978;RISQUE RABISQUE BRANCO 15 FLS DAC;0;ESCRITORIO;RISQUE;
7897237310582;RISQUE RABISQUE OFICIO PRETO 15FLS DAC;0;ESCRITORIO;RISQUE;
7896326931073;SUPORTE DUREX MEDIO S-50 CIS;0;ESCRITORIO;SUPORTE;
7896643408637;SUPORTE ERGONÔMICO P/PÉS PRETO;0;ESCRITORIO;SUPORTE;
7896643408593;SUPORTE ERGONÔMICO PARA NOTEBOOK NT-MULTI PRETO;0;ESCRITORIO;SUPORTE;
7896643408630;SUPORTE ERGONOMICO PARA OS PES PRETO MULTIVISAO;0;ESCRITORIO;SUPORTE;
7896309203791;SUPORTE MONITOR PRETO 2 GAVETAS SOUZA;0;ESCRITORIO;SUPORTE;
7896292227422;SUPORTE P- FITAS ADESIVAS REF-2742 PRETO ACRIMET;0;ESCRITORIO;SUPORTE;
7897256272212;SUPORTE PARA DUREX GRANDE 98003 JOÇAR;0;ESCRITORIO;SUPORTE;
7896292227118;SUPORTE PARA FITA ADESIVAS GRANDE ACRIMET;0;ESCRITORIO;SUPORTE;
7503002900697;TESOURA DE ESCRITORIO JOÇAR;0;ESCRITORIO;TESOURA;
7897256292142;TESOURA MULTIUSO 21CM PROFISSIONAL JOCAR OFFICE;0;ESCRITORIO;TESOURA;
7891060680713;TESOURA MULTIUSO 8 1/2 PONTO VERMELHO MUNDIAL;0;ESCRITORIO;TESOURA;
7891060023701;TESOURA PONTO VERMELHO MULTI USO MUNDIAL;0;ESCRITORIO;TESOURA;
7891112002395;TESOURA SUPERCORT TRAMONTINA;0;ESCRITORIO;TESOURA;
7897424081745;TINTA PARA CARIMBO AZUL TC 42 PILOT;0;ESCRITORIO;TINTA;
7897143002540;UMIDIFICADOR DE DEDOS REF-1020/2 DIGITAL BELLS;0;ESCRITORIO;UMIDIFICADOR;
7896013403760;ALCOOL SPRAY 70% LYZAP GUARD;0;HIGIENE;ALCOOL;
7898955352472;BOBINA DE PAPEL TOALHA BRANCO PLUS 6401 SULLEG;0;HIGIENE;BOBINA;
7899853208212;ESPUMA SPUMASET HIGIENIZADOR MAOS EXACCTA 500ML;0;HIGIENE;ESPUMA;
7898921466912;LUVA DE VINIL C-PO TM-G BOMPACK;0;HIGIENE;LUVA;G
7898921466905;LUVA DE VINIL C-PO TM-M BOMPACK;0;HIGIENE;LUVA;M
7898941898069;LUVA DE VINIL COM PO TM-G TALGE;0;HIGIENE;LUVA;G
7898546001185;LUVA DE VINIL COM PO TM-G VABENE;0;HIGIENE;LUVA;G
7898941898052;LUVA DE VINIL COM PO TM-M TALGE;0;HIGIENE;LUVA;M
7898546001178;LUVA DE VINIL COM PO TM-M VABENE;0;HIGIENE;LUVA;M
7898921466899;LUVA DE VINIL COM PO TM-P BOMPACK;0;HIGIENE;LUVA;P
7898941898045;LUVA DE VINIL COM PO TM-P TALGE;0;HIGIENE;LUVA;P
7898546001161;LUVA DE VINIL COM PO TM-P VABENE;0;HIGIENE;LUVA;P
7898941898199;LUVA DE VINIL SEM PO TAM-G TALGE;0;HIGIENE;LUVA;G
7898546001154;LUVA DE VINIL SEM PO TAM. G VABENE;0;HIGIENE;LUVA;G
7899682745957;LUVA DE VINIL SEM PO TM-G NOBRE;0;HIGIENE;LUVA;G
7898946757255;LUVA DE VINIL SEM PO TM-G TALGE;0;HIGIENE;LUVA;G
7899682745964;LUVA DE VINIL SEM PO TM-M NOBRE;0;HIGIENE;LUVA;M
7898941898175;LUVA DE VINIL SEM PO TM-M TALGE;0;HIGIENE;LUVA;M
7898941898076;LUVA DE VINIL SEM PO TM-P TALGE;0;HIGIENE;LUVA;P
7899682709652;LUVA DE VINIL SEM PO TM-P NOBRE;0;HIGIENE;LUVA;P
7898941898076;LUVA DE VINIL SEM PO TM-P TALGE;0;HIGIENE;LUVA;P
7898546001147;LUVA DE VINIL SEM PO TM. M VABENE;0;HIGIENE;LUVA;M
7898546001130;LUVA DE VINIL SEM PO TM. P VABENE;0;HIGIENE;LUVA;P
2501504920880;LUVA NITRILICA VERDE LONGA 46CM TM-8 MAPA MUCAMBO;0;HIGIENE;LUVA;8
7908026000796;LUVA PLASTICA DESCARTAVEL BOMPACK;0;HIGIENE;LUVA;
7898283815120;LUVA PLASTICA DESCARTAVEL DESCARPACK;0;HIGIENE;LUVA;
7898546006104;LUVA PLASTICA DESCARTAVEL REF-1494 VABENE;0;HIGIENE;LUVA;
7898941898083;LUVA PLASTICA DESCARTAVEL TALGE;0;HIGIENE;LUVA;
7898546006357;LUVA VINIFLEX SEM PO TM G VABENE;0;HIGIENE;LUVA;G
7898546006364;LUVA VINIFLEX SEM PO TM-GG VABENE;0;HIGIENE;LUVA;GG
7898546006340;LUVA VINIFLEX SEM PO TM-M VABENE;0;HIGIENE;LUVA;M
2501504930209;MERCOTECH ALCOOL 70 5L ALL CLEAN;0;HIGIENE;MERCOTECH;
7899853207697;MULTI SEPT SPRAY ANTISSEPTICO 400ML;0;HIGIENE;MULTI;400ML
2501504930179;PAPEL HIGIENICO ROLAO FOLHA SIMPLES 5001 SULLEG;0;HIGIENE;PAPEL;
7898955352441;PAPEL TOALHA INTERFOLHADO ELEGANTE 6101 SULLEG;0;HIGIENE;PAPEL;
7898509287243;ROLO NAO TECIDO AZUL SP3050AZ BETTANIN;0;HIGIENE;ROLO;
7898373172492;SABONETE ESPUMA FLOR DE LARANJA EXACCTA;0;HIGIENE;SABONETE;
7898373172461;SABONETE ESPUMA PITANGA EXACCTA;0;HIGIENE;SABONETE;
7899853208168;SABONETE LIQUIDO ESPUMA ERVA DOCE 500 ML EXACCTA;0;HIGIENE;SABONETE;500 ML
7898373170702;TAPETE PLASTICO MICTORIO T-130512LV AZUL AIR SOFT;0;HIGIENE;TAPETE;
7898373170719;TAPETE PLASTICO MICTORIO T-130512TF VERMELHO AIR SOFT;0;HIGIENE;TAPETE;
7908026001519;TOUCA DESCARTAVEL TM-18 BOMPACK;0;HIGIENE;TOUCA;
7898964629756;TOUCA DESCARTÁVEL TNT INOVEN;0;HIGIENE;TOUCA;
7898964627097;TOUCA DESCARTEE TNT BRANCA;0;HIGIENE;TOUCA;
7898546005572;TOUCA SANFONADA COFIA CIRCULAR VABENE;0;HIGIENE;TOUCA;
7898941898847;TOUCA TNT BRANCA DESCARTAVEL TALGE;0;HIGIENE;TOUCA;
250150494007;CELULAR UP PLAY PRETO P9076 - MULTILASER;0;INFORMATICA;CELULAR;
7899838819693;TECLADO USB SLIM PRETO TC123 MULTILASER;0;INFORMATICA;TECLADO;
7898437731092;ALCOOL GEL HIGIENIZADOR PARA MAOS ALL CLEAN 70 MERCOTECH;0;LIMPEZA;ALCOOL;
7898319320550;ARMACAO BRALIMPIA PROFI 60 CM;0;LIMPEZA;ARMACAO;60 CM
7898319321168;CABO 1,40M X 22MM FOSCO MANOPLA AZUL;0;LIMPEZA;CABO;
7898319320826;CABO 1,40MX22MM FOSCO MANOPLA VERMELHA;0;LIMPEZA;CABO;
7898319323117;CABO FOSCO MANOPLA 1.40M X 22MM AZUL BRALIMPIA;0;LIMPEZA;CABO;
2501504930193;COLETOR DE PEDAL 100L VERDE S-RODA BRALIMPIA;0;LIMPEZA;COLETOR;
2501504930100;DISCO LIMPADOR VERDE 410MM BETTANIN;0;LIMPEZA;DISCO;410MM
2501504930117;DISCO LIMPADOR VERDE 440MM BETTANIN;0;LIMPEZA;DISCO;440MM
2501504930124;DISCO LIMPADOR VERDE 510MM BETTANIN;0;LIMPEZA;DISCO;510MM
2501504930162;DISCO LIMPADOR VERMELHOR 440MM BETTANIN;0;LIMPEZA;DISCO;440MM
2501504930131;DISCO REMOVEDOR PRETO 410MM BETTANIN;0;LIMPEZA;DISCO;410MM
2501504930148;DISCO REMOVEDOR PRETO 440MM BETTANIN;0;LIMPEZA;DISCO;440MM
2501504930155;DISCO REMOVEDOR PRETO 510MM BETTANIN;0;LIMPEZA;DISCO;510MM
2501504930216;DISCO REMOVEDOR VERMELHO 510MM BETTANIN;0;LIMPEZA;DISCO;510MM
00659;ESFREGAO TIPO PELO 380 C/ CABO DE MADEIRA 2,20M ODIM;0;LIMPEZA;ESFREGAO;20M
7898373175240;ESPUMA SPUMASETP HIGIENIZADOR MAOS EXACCTA;0;LIMPEZA;ESPUMA;
7898509281210;FIBRA LIMPEZA LEVE BRANCA 9504 BETTANIN;0;LIMPEZA;FIBRA;
7898509281234;FIBRA LIMPEZA PESADA 9506 BETTANIN;0;LIMPEZA;FIBRA;
7898509281241;FIBRA LIMPEZA PESADA 9508 BETTACO;0;LIMPEZA;FIBRA;
7898509281180;FIBRA LIMPEZA USO GERAL 9502 BETTANIN;0;LIMPEZA;FIBRA;
7898319327085;GARRA EURO PLASTICA AZUL BRALIMPIA;0;LIMPEZA;GARRA;
7898319324800;GARRA EURO PLASTICA VERMELHA BRALIMPIA;0;LIMPEZA;GARRA;
7898319329195;GARRA LIMPA TUDO EURO AMARELA BRALIMPIA;0;LIMPEZA;GARRA;
7898319322370;PA COLETORA PROFI PP502;0;LIMPEZA;PA;
7898319327436;PA COLETORA SELETIVA AMARELA;0;LIMPEZA;PA;
7898319325609;PA COLETORA SELETIVA AZUL BRALIMPIA;0;LIMPEZA;PA;
2501504930223;PA COLETORA SELETIVA VERMELHA BRALIMPIA;0;LIMPEZA;PA;
7898319322561;REFIL MOP PAREDE 25CM HIGH TECH RH250;0;LIMPEZA;REFIL;
7898319322813;REFIL MOP PAREDE 25CM PROFI RS250;0;LIMPEZA;REFIL;
2501504930186;REFIL MOP PAREDE HIGH TECH BRALIMPIA;0;LIMPEZA;REFIL;
7898319322790;REFIL MOP PO 60CM PROFI RP600 BRALIMPIA;0;LIMPEZA;REFIL;
7898319322479;REFIL MOP PO COTTON TECH BRALIMPIA;0;LIMPEZA;REFIL;
7898319324435;REFIL UMIDO 320 CRU LOOP RL32BR;0;LIMPEZA;REFIL;
7898319322677;REFIL UMIDO 400 CRU RL40BR BRALIMPIA;0;LIMPEZA;REFIL;
2928374651889;RODO 55CM AMARELO HDR;0;LIMPEZA;RODO;55 CM
7898319328808;RODO BRALIMPIA DRY 55 CM AZUL;0;LIMPEZA;RODO;55 CM
7898319325821;RODO BRALIMPIA DRY 65 CM AZUL;0;LIMPEZA;RODO;65 CM
2928374651728;RODO PVC 65 CM AZUL HDR;0;LIMPEZA;RODO;65 CM
7898509288011;ROLO NÃO TECIDO LARANJA SP3035 LR BETTANIN;0;LIMPEZA;ROLO;
7898509287038;ROLO NAO TECIDO LARANJA SP3040LR BETANIN;0;LIMPEZA;ROLO;
7898509287236;ROLO NAO TECIDO LARANJA SP3050LR BETTANIN;0;LIMPEZA;ROLO;
7898373172454;SABONETE ESPUMA ERVA DOCE EXACCTA;0;LIMPEZA;SABONETE;
7899853208199;SABONETE LIQUIDO ESPUMA PITANGA 500 ML EXACCTA;0;LIMPEZA;SABONETE;500 ML
7898319326842;SUPORTE LIMPA EURO VERMELHO BRALIMPIA;0;LIMPEZA;SUPORTE;
7898319323032;SUPORTE LIMPA TUDO EURO AZUL BRALIMPIA;0;LIMPEZA;SUPORTE;
7898319327375;SUPORTE LIMPA TUDO EURO VERDE BRALIMPIA;0;LIMPEZA;SUPORTE;
4928374651160;SUPORTE LT AZUL HDR;0;LIMPEZA;SUPORTE;
7908057011921;TECIDO NAO TECIDO SUPERPRO BETTANIN LARANJA SP2735LR;0;LIMPEZA;TECIDO;
2501504913042;AVENTAL PEITILHO BRANCO;0;UNIFORME;AVENTAL;
2501504913264;AVENTAL SAIA CAQUI G;0;UNIFORME;AVENTAL;G
2501504913257;AVENTAL SAIA CAQUI M;0;UNIFORME;AVENTAL;M
2501504912861;AVENTAL SAIA CAQUI P;0;UNIFORME;AVENTAL;P
2501504913653;AVENTAL SAIA CAQUI PP;0;UNIFORME;AVENTAL;PP
2501504913059;AVENTAL SAIA PRETO;0;UNIFORME;AVENTAL;
2501504912892;AVENTAL SUBLIMADO PADARIA G;0;UNIFORME;AVENTAL;G
2501504912885;AVENTAL SUBLIMADO PADARIA M;0;UNIFORME;AVENTAL;M
2501504912878;AVENTAL SUBLIMADO PADARIA P;0;UNIFORME;AVENTAL;P
2501504913080;BANDANA XADREZ;0;UNIFORME;BANDANA;
2501504911994;BLUSA MOLETOM AZUL MARINHO UNISSEX G;0;UNIFORME;BLUSA;G
2501504912007;BLUSA MOLETOM AZUL MARINHO UNISSEX GG;0;UNIFORME;BLUSA;GG
2501504911987;BLUSA MOLETOM AZUL MARINHO UNISSEX M;0;UNIFORME;BLUSA;M
2501504911970;BLUSA MOLETOM AZUL MARINHO UNISSEX P;0;UNIFORME;BLUSA;P
2501504911963;BLUSA MOLETOM AZUL MARINHO UNISSEX PP;0;UNIFORME;BLUSA;PP
2501504910638;BLUSA MOLETOM BRANCO UNISSEX G;0;UNIFORME;BLUSA;G
2501504910645;BLUSA MOLETOM BRANCO UNISSEX GG;0;UNIFORME;BLUSA;GG
2501504910621;BLUSA MOLETOM BRANCO UNISSEX M;0;UNIFORME;BLUSA;M
2501504910614;BLUSA MOLETOM BRANCO UNISSEX P;0;UNIFORME;BLUSA;P
2501504910607;BLUSA MOLETOM BRANCO UNISSEX PP;0;UNIFORME;BLUSA;PP
2501504910652;BLUSA MOLETOM BRANCO UNISSEX XGG;0;UNIFORME;BLUSA;XGG
2501504910690;BLUSA MOLETOM CINZA UNISSEX G;0;UNIFORME;BLUSA;G
2501504910706;BLUSA MOLETOM CINZA UNISSEX GG;0;UNIFORME;BLUSA;GG
2501504910683;BLUSA MOLETOM CINZA UNISSEX M;0;UNIFORME;BLUSA;M
2501504910676;BLUSA MOLETOM CINZA UNISSEX P;0;UNIFORME;BLUSA;P
2501504910669;BLUSA MOLETOM CINZA UNISSEX PP;0;UNIFORME;BLUSA;PP
2501504910713;BLUSA MOLETOM CINZA UNISSEX XGG;0;UNIFORME;BLUSA;XGG
2501504914223;BLUSA MOLETOM PRETA UNISSEX XPP;0;UNIFORME;BLUSA;XPP
2501504910751;BLUSA MOLETOM PRETO UNISSEX G;0;UNIFORME;BLUSA;G
2501504910768;BLUSA MOLETOM PRETO UNISSEX GG;0;UNIFORME;BLUSA;GG
2501504910744;BLUSA MOLETOM PRETO UNISSEX M;0;UNIFORME;BLUSA;M
2501504910737;BLUSA MOLETOM PRETO UNISSEX P;0;UNIFORME;BLUSA;P
2501504910720;BLUSA MOLETOM PRETO UNISSEX PP;0;UNIFORME;BLUSA;PP
2501504910775;BLUSA MOLETOM PRETO UNISSEX XGG;0;UNIFORME;BLUSA;XGG
2501504910812;BLUSA MOLETOM VERDE UNISSEX G;0;UNIFORME;BLUSA;G
2501504910829;BLUSA MOLETOM VERDE UNISSEX GG;0;UNIFORME;BLUSA;GG
2501504910805;BLUSA MOLETOM VERDE UNISSEX M;0;UNIFORME;BLUSA;M
2501504910799;BLUSA MOLETOM VERDE UNISSEX P;0;UNIFORME;BLUSA;P
2501504910782;BLUSA MOLETOM VERDE UNISSEX PP;0;UNIFORME;BLUSA;PP
2501504910836;BLUSA MOLETOM VERDE UNISSEX XGG;0;UNIFORME;BLUSA;XGG
2501504910874;BLUSA MOLETOM VERMELHO UNISSEX G;0;UNIFORME;BLUSA;G
2501504910881;BLUSA MOLETOM VERMELHO UNISSEX GG;0;UNIFORME;BLUSA;GG
2501504910867;BLUSA MOLETOM VERMELHO UNISSEX M;0;UNIFORME;BLUSA;M
2501504910850;BLUSA MOLETOM VERMELHO UNISSEX P;0;UNIFORME;BLUSA;P
2501504910843;BLUSA MOLETOM VERMELHO UNISSEX PP;0;UNIFORME;BLUSA;PP
2501504910898;BLUSA MOLETOM VERMELHO UNISSEX XGG;0;UNIFORME;BLUSA;XGG
2501504912304;CALCA DE BRIM MASCULINA PRETA (FISCAL) 36;0;UNIFORME;CALCA;36
2501504912311;CALCA DE BRIM MASCULINA PRETA (FISCAL) 38;0;UNIFORME;CALCA;38
2501504912328;CALCA DE BRIM MASCULINA PRETA (FISCAL) 40;0;UNIFORME;CALCA;40
2501504912335;CALCA DE BRIM MASCULINA PRETA (FISCAL) 42;0;UNIFORME;CALCA;42
2501504912342;CALCA DE BRIM MASCULINA PRETA (FISCAL) 44;0;UNIFORME;CALCA;44
2501504912359;CALCA DE BRIM MASCULINA PRETA (FISCAL) 46;0;UNIFORME;CALCA;46
2501504912366;CALCA DE BRIM MASCULINA PRETA (FISCAL) 48;0;UNIFORME;CALCA;48
2501504912373;CALCA DE BRIM MASCULINA PRETA (FISCAL) 50;0;UNIFORME;CALCA;50
2501504912380;CALCA DE BRIM MASCULINA PRETA (FISCAL) 52;0;UNIFORME;CALCA;52
2501504912397;CALCA DE BRIM MASCULINA PRETA (FISCAL) 54;0;UNIFORME;CALCA;54
2501504913615;CALCA DE BRIM MASCULINA PRETA (FISCAL) 56;0;UNIFORME;CALCA;56
2501504913622;CALCA DE BRIM MASCULINA PRETA (FISCAL) 58;0;UNIFORME;CALCA;58
2501504913677;CALCA JEANS FEMININA AZUL 42;0;UNIFORME;CALCA;42
2501504914247;CALCA JEANS FEMININA AZUL 44;0;UNIFORME;CALCA;44
2501504914230;CALCA JEANS FEMININA AZUL 46;0;UNIFORME;CALCA;46
2501504910904;CALCA JEANS MASCULINA AZUL 36;0;UNIFORME;CALCA;36
2501504910911;CALCA JEANS MASCULINA AZUL 38;0;UNIFORME;CALCA;38
2501504910928;CALCA JEANS MASCULINA AZUL 40;0;UNIFORME;CALCA;40
2501504910935;CALCA JEANS MASCULINA AZUL 42;0;UNIFORME;CALCA;42
2501504910942;CALCA JEANS MASCULINA AZUL 44;0;UNIFORME;CALCA;44
2501504910959;CALCA JEANS MASCULINA AZUL 46;0;UNIFORME;CALCA;46
2501504910966;CALCA JEANS MASCULINA AZUL 48;0;UNIFORME;CALCA;48
2501504910973;CALCA JEANS MASCULINA AZUL 50;0;UNIFORME;CALCA;50
2501504910980;CALCA JEANS MASCULINA AZUL 52;0;UNIFORME;CALCA;52
2501504910997;CALCA JEANS MASCULINA AZUL 54;0;UNIFORME;CALCA;54
2501504911000;CALCA JEANS MASCULINA AZUL 56;0;UNIFORME;CALCA;56
2501504912298;CALCA JEANS MASCULINA AZUL 58;0;UNIFORME;CALCA;58
2501504912588;CALCA LIMPEZA OXFORD FEMININA CAQUI 34;0;UNIFORME;CALCA;34
2501504912595;CALCA LIMPEZA OXFORD FEMININA CAQUI 36;0;UNIFORME;CALCA;36
2501504912601;CALCA LIMPEZA OXFORD FEMININA CAQUI 38;0;UNIFORME;CALCA;38
2501504912618;CALCA LIMPEZA OXFORD FEMININA CAQUI 40;0;UNIFORME;CALCA;40
2501504912625;CALCA LIMPEZA OXFORD FEMININA CAQUI 42;0;UNIFORME;CALCA;42
2501504912632;CALCA LIMPEZA OXFORD FEMININA CAQUI 44;0;UNIFORME;CALCA;44
2501504912649;CALCA LIMPEZA OXFORD FEMININA CAQUI 46;0;UNIFORME;CALCA;46
2501504912656;CALCA LIMPEZA OXFORD FEMININA CAQUI 48;0;UNIFORME;CALCA;48
2501504912663;CALCA LIMPEZA OXFORD FEMININA CAQUI 50;0;UNIFORME;CALCA;50
2501504912670;CALCA LIMPEZA OXFORD FEMININA CAQUI 52;0;UNIFORME;CALCA;52
2501504914209;CALCA LIMPEZA OXFORD FEMININA CAQUI 54;0;UNIFORME;CALCA;54
2501504913097;CALCA LIMPEZA OXFORD MASCULINA CAQUI 36;0;UNIFORME;CALCA;36
2501504913103;CALCA LIMPEZA OXFORD MASCULINA CAQUI 38;0;UNIFORME;CALCA;38
2501504913110;CALCA LIMPEZA OXFORD MASCULINA CAQUI 40;0;UNIFORME;CALCA;40
2501504913134;CALCA LIMPEZA OXFORD MASCULINA CAQUI 42;0;UNIFORME;CALCA;42
2501504913141;CALCA LIMPEZA OXFORD MASCULINA CAQUI 44;0;UNIFORME;CALCA;44
2501504913158;CALCA LIMPEZA OXFORD MASCULINA CAQUI 46;0;UNIFORME;CALCA;46
2501504913165;CALCA LIMPEZA OXFORD MASCULINA CAQUI 48;0;UNIFORME;CALCA;48
2501504913172;CALCA LIMPEZA OXFORD MASCULINA CAQUI 50;0;UNIFORME;CALCA;50
2501504913189;CALCA LIMPEZA OXFORD MASCULINA CAQUI 52;0;UNIFORME;CALCA;52
2501504913905;CALCA LIMPEZA OXFORD MASCULINA CAQUI 54;0;UNIFORME;CALCA;54
250150491405;CALCA POLICOTTON MASCULINA BRANCA 34;0;UNIFORME;CALCA;34
2501504912168;CALCA POLICOTTON MASCULINA BRANCA 36;0;UNIFORME;CALCA;36
2501504912175;CALCA POLICOTTON MASCULINA BRANCA 38;0;UNIFORME;CALCA;38
2501504912182;CALCA POLICOTTON MASCULINA BRANCA 40;0;UNIFORME;CALCA;40
2501504912199;CALCA POLICOTTON MASCULINA BRANCA 42;0;UNIFORME;CALCA;42
2501504912205;CALCA POLICOTTON MASCULINA BRANCA 44;0;UNIFORME;CALCA;44
2501504912212;CALCA POLICOTTON MASCULINA BRANCA 46;0;UNIFORME;CALCA;46
2501504912229;CALCA POLICOTTON MASCULINA BRANCA 48;0;UNIFORME;CALCA;48
2501504912236;CALCA POLICOTTON MASCULINA BRANCA 50;0;UNIFORME;CALCA;50
2501504912243;CALCA POLICOTTON MASCULINA BRANCA 52;0;UNIFORME;CALCA;52
2501504912250;CALCA POLICOTTON MASCULINA BRANCA 54;0;UNIFORME;CALCA;54
2501504912267;CALCA POLICOTTON MASCULINA BRANCA 56;0;UNIFORME;CALCA;56
2501504912274;CALCA POLICOTTON MASCULINA BRANCA 58;0;UNIFORME;CALCA;58
2501504912281;CALCA POLICOTTON MASCULINA BRANCA 60;0;UNIFORME;CALCA;60
2501504911130;CALCA SOCIAL FEMININA TWO WAY 34;0;UNIFORME;CALCA;34
2501504911147;CALCA SOCIAL FEMININA TWO WAY 36;0;UNIFORME;CALCA;36
2501504911154;CALCA SOCIAL FEMININA TWO WAY 38;0;UNIFORME;CALCA;38
2501504911161;CALCA SOCIAL FEMININA TWO WAY 40;0;UNIFORME;CALCA;40
2501504911178;CALCA SOCIAL FEMININA TWO WAY 42;0;UNIFORME;CALCA;42
2501504911185;CALCA SOCIAL FEMININA TWO WAY 44;0;UNIFORME;CALCA;44
2501504911192;CALCA SOCIAL FEMININA TWO WAY 46;0;UNIFORME;CALCA;46
2501504911208;CALCA SOCIAL FEMININA TWO WAY 48;0;UNIFORME;CALCA;48
2501504911215;CALCA SOCIAL FEMININA TWO WAY 50;0;UNIFORME;CALCA;50
2501504911222;CALCA SOCIAL FEMININA TWO WAY 52;0;UNIFORME;CALCA;52
2501504911239;CALCA SOCIAL FEMININA TWO WAY 54;0;UNIFORME;CALCA;54
2501504913646;CALCA SOCIAL FEMININA TWO WAY 56;0;UNIFORME;CALCA;56
2501504913271;CALCA SOCIAL OXFORD MASCULINA 36;0;UNIFORME;CALCA;36
2501504913288;CALCA SOCIAL OXFORD MASCULINA 38;0;UNIFORME;CALCA;38
2501504913295;CALCA SOCIAL OXFORD MASCULINA 40;0;UNIFORME;CALCA;40
2501504913301;CALCA SOCIAL OXFORD MASCULINA 42;0;UNIFORME;CALCA;42
2501504913318;CALCA SOCIAL OXFORD MASCULINA 44;0;UNIFORME;CALCA;44
2501504913325;CALCA SOCIAL OXFORD MASCULINA 46;0;UNIFORME;CALCA;46
2501504913332;CALCA SOCIAL OXFORD MASCULINA 48;0;UNIFORME;CALCA;48
2501504913349;CALCA SOCIAL OXFORD MASCULINA 50;0;UNIFORME;CALCA;50
2501504913356;CALCA SOCIAL OXFORD MASCULINA 52;0;UNIFORME;CALCA;52
2501504913363;CALCA SOCIAL OXFORD MASCULINA 54;0;UNIFORME;CALCA;54
2501504911017;CALCA WORKFLEX FEMININA BRANCA C/ELASTICO 34;0;UNIFORME;CALCA;34
2501504911024;CALCA WORKFLEX FEMININA BRANCA C/ELASTICO 36;0;UNIFORME;CALCA;36
2501504911031;CALCA WORKFLEX FEMININA BRANCA C/ELASTICO 38;0;UNIFORME;CALCA;38
2501504911048;CALCA WORKFLEX FEMININA BRANCA C/ELASTICO 40;0;UNIFORME;CALCA;40
2501504911055;CALCA WORKFLEX FEMININA BRANCA C/ELASTICO 42;0;UNIFORME;CALCA;42
2501504911062;CALCA WORKFLEX FEMININA BRANCA C/ELASTICO 44;0;UNIFORME;CALCA;44
2501504911079;CALCA WORKFLEX FEMININA BRANCA C/ELASTICO 46;0;UNIFORME;CALCA;46
2501504911086;CALCA WORKFLEX FEMININA BRANCA C/ELASTICO 48;0;UNIFORME;CALCA;48
2501504911093;CALCA WORKFLEX FEMININA BRANCA C/ELASTICO 50;0;UNIFORME;CALCA;50
2501504911109;CALCA WORKFLEX FEMININA BRANCA C/ELASTICO 52;0;UNIFORME;CALCA;52
2501504911116;CALCA WORKFLEX FEMININA BRANCA C/ELASTICO 54;0;UNIFORME;CALCA;54
2501504911123;CALCA WORKFLEX FEMININA BRANCA C/ELASTICO 56;0;UNIFORME;CALCA;56
2501504913639;CALCA WORKFLEX FEMININA BRANCA C/ELASTICO 58;0;UNIFORME;CALCA;58
2501504912939;CALCA XADREZ PRETO/CINZA UNISSEX 34;0;UNIFORME;CALCA;34
2501504912946;CALCA XADREZ PRETO/CINZA UNISSEX 36;0;UNIFORME;CALCA;36
2501504912953;CALCA XADREZ PRETO/CINZA UNISSEX 38;0;UNIFORME;CALCA;38
2501504912960;CALCA XADREZ PRETO/CINZA UNISSEX 40;0;UNIFORME;CALCA;40
2501504912977;CALCA XADREZ PRETO/CINZA UNISSEX 42;0;UNIFORME;CALCA;42
2501504912984;CALCA XADREZ PRETO/CINZA UNISSEX 44;0;UNIFORME;CALCA;44
2501504912991;CALCA XADREZ PRETO/CINZA UNISSEX 46;0;UNIFORME;CALCA;46
2501504913004;CALCA XADREZ PRETO/CINZA UNISSEX 48;0;UNIFORME;CALCA;48
2501504913011;CALCA XADREZ PRETO/CINZA UNISSEX 50;0;UNIFORME;CALCA;50
2501504913028;CALCA XADREZ PRETO/CINZA UNISSEX 52;0;UNIFORME;CALCA;52
2501504913035;CALCA XADREZ PRETO/CINZA UNISSEX 54;0;UNIFORME;CALCA;54
2501504912502;CAMISA DE MALHA AZUL UNISSEX TM-PP;0;UNIFORME;CAMISA;PP
2501504912533;CAMISA DE MALHA AZUL UNISSEX TM- G;0;UNIFORME;CAMISA;G
2501504912540;CAMISA DE MALHA AZUL UNISSEX TM- GG;0;UNIFORME;CAMISA;GG
2501504912526;CAMISA DE MALHA AZUL UNISSEX TM- M;0;UNIFORME;CAMISA;M
2501504912519;CAMISA DE MALHA AZUL UNISSEX TM- P;0;UNIFORME;CAMISA;P
2501504912557;CAMISA DE MALHA AZUL UNISSEX TM- XGG;0;UNIFORME;CAMISA;XGG
2501504910034;CAMISA DE MALHA BRANCA FEMININA G;0;UNIFORME;CAMISA;G
2501504910041;CAMISA DE MALHA BRANCA FEMININA GG;0;UNIFORME;CAMISA;GG
2501504910027;CAMISA DE MALHA BRANCA FEMININA M;0;UNIFORME;CAMISA;M
2501504910010;CAMISA DE MALHA BRANCA FEMININA P;0;UNIFORME;CAMISA;P
2501504910003;CAMISA DE MALHA BRANCA FEMININA PP;0;UNIFORME;CAMISA;PP
2501504910058;CAMISA DE MALHA BRANCA FEMININA XGG;0;UNIFORME;CAMISA;XGG
2501504910096;CAMISA DE MALHA BRANCA MASCULINA G;0;UNIFORME;CAMISA;G
2501504910102;CAMISA DE MALHA BRANCA MASCULINA GG;0;UNIFORME;CAMISA;GG
2501504910089;CAMISA DE MALHA BRANCA MASCULINA M;0;UNIFORME;CAMISA;M
2501504910072;CAMISA DE MALHA BRANCA MASCULINA P;0;UNIFORME;CAMISA;P
2501504910119;CAMISA DE MALHA BRANCA MASCULINA XGG;0;UNIFORME;CAMISA;XGG
2501504913752;CAMISA DE MALHA BRANCA UNISEX TAM.G;0;UNIFORME;CAMISA;G
25015049116011;CAMISA DE MALHA BRANCA UNISEX TAM.GG;0;UNIFORME;CAMISA;GG
2501504913806;CAMISA DE MALHA BRANCA UNISEX TAM.M;0;UNIFORME;CAMISA;M
2501504913790;CAMISA DE MALHA BRANCA UNISEX TAM.P;0;UNIFORME;CAMISA;P
2501504913783;CAMISA DE MALHA BRANCA UNISEX TAM.PP;0;UNIFORME;CAMISA;PP
2501504913769;CAMISA DE MALHA BRANCA UNISEX TAM.XGG;0;UNIFORME;CAMISA;XGG
2501504913714;CAMISA DE MALHA CARECA PALHA G;0;UNIFORME;CAMISA;G
2501504913721;CAMISA DE MALHA CARECA PALHA GG;0;UNIFORME;CAMISA;GG
2501504913707;CAMISA DE MALHA CARECA PALHA M;0;UNIFORME;CAMISA;M
2501504913691;CAMISA DE MALHA CARECA PALHA P;0;UNIFORME;CAMISA;P
2501504913684;CAMISA DE MALHA CARECA PALHA PP;0;UNIFORME;CAMISA;PP
2501504913738;CAMISA DE MALHA CARECA PALHA XGG;0;UNIFORME;CAMISA;XGG
2501504913745;CAMISA DE MALHA CARECA PALHA XPP;0;UNIFORME;CAMISA;XPP
2501504910157;CAMISA DE MALHA CINZA FEMININA G;0;UNIFORME;CAMISA;G
2501504910164;CAMISA DE MALHA CINZA FEMININA GG;0;UNIFORME;CAMISA;GG
2501504910140;CAMISA DE MALHA CINZA FEMININA M;0;UNIFORME;CAMISA;M
2501504910133;CAMISA DE MALHA CINZA FEMININA P;0;UNIFORME;CAMISA;P
2501504910171;CAMISA DE MALHA CINZA FEMININA XGG;0;UNIFORME;CAMISA;XGG
2501504912144;CAMISA DE MALHA CINZA MASCULINA EXGG;0;UNIFORME;CAMISA;EXGG
2501504910218;CAMISA DE MALHA CINZA MASCULINA G;0;UNIFORME;CAMISA;G
2501504910225;CAMISA DE MALHA CINZA MASCULINA GG;0;UNIFORME;CAMISA;GG
2501504910201;CAMISA DE MALHA CINZA MASCULINA M;0;UNIFORME;CAMISA;M
2501504910195;CAMISA DE MALHA CINZA MASCULINA P;0;UNIFORME;CAMISA;P
2501504910188;CAMISA DE MALHA CINZA MASCULINA PP;0;UNIFORME;CAMISA;PP
2501504910232;CAMISA DE MALHA CINZA MASCULINA XGG;0;UNIFORME;CAMISA;XGG
2501504914131;CAMISA DE MALHA CINZA UNISSEX TAM.G;0;UNIFORME;CAMISA;G
2501504914148;CAMISA DE MALHA CINZA UNISSEX TAM.GG;0;UNIFORME;CAMISA;GG
2501504914124;CAMISA DE MALHA CINZA UNISSEX TAM.M;0;UNIFORME;CAMISA;M
2501504914117;CAMISA DE MALHA CINZA UNISSEX TAM.P;0;UNIFORME;CAMISA;P
2501504913998;CAMISA DE MALHA CINZA UNISSEX TAM.PP;0;UNIFORME;CAMISA;PP
2501504914155;CAMISA DE MALHA CINZA UNISSEX TAM.XGG;0;UNIFORME;CAMISA;XGG
2501504910270;CAMISA DE MALHA PRETA FEMININA G;0;UNIFORME;CAMISA;G
2501504910287;CAMISA DE MALHA PRETA FEMININA GG;0;UNIFORME;CAMISA;GG
2501504910263;CAMISA DE MALHA PRETA FEMININA M;0;UNIFORME;CAMISA;M
2501504910256;CAMISA DE MALHA PRETA FEMININA P;0;UNIFORME;CAMISA;P
2501504910249;CAMISA DE MALHA PRETA FEMININA PP;0;UNIFORME;CAMISA;PP
2501504910294;CAMISA DE MALHA PRETA FEMININA XGG;0;UNIFORME;CAMISA;XGG
2501504910331;CAMISA DE MALHA PRETA MASCULINA G;0;UNIFORME;CAMISA;G
2501504910348;CAMISA DE MALHA PRETA MASCULINA GG;0;UNIFORME;CAMISA;GG
2501504910324;CAMISA DE MALHA PRETA MASCULINA M;0;UNIFORME;CAMISA;M
2501504910317;CAMISA DE MALHA PRETA MASCULINA P;0;UNIFORME;CAMISA;P
2501504910355;CAMISA DE MALHA PRETA MASCULINA XGG;0;UNIFORME;CAMISA;XGG
2501504913837;CAMISA DE MALHA PRETA UNISSEX TAM. G;0;UNIFORME;CAMISA;G
2501504913844;CAMISA DE MALHA PRETA UNISSEX TAM. GG;0;UNIFORME;CAMISA;GG
2501504913820;CAMISA DE MALHA PRETA UNISSEX TAM. M;0;UNIFORME;CAMISA;M
2501504913813;CAMISA DE MALHA PRETA UNISSEX TAM. P;0;UNIFORME;CAMISA;P
2501504911951;CAMISA DE MALHA PRETA UNISSEX TAM. PP;0;UNIFORME;CAMISA;PP
2501504913851;CAMISA DE MALHA PRETA UNISSEX TAM. XGG;0;UNIFORME;CAMISA;XGG
2501504914179;CAMISA DE MALHA PRETA UNISSEX TAM.XPP;0;UNIFORME;CAMISA;XPP
2501504910393;CAMISA DE MALHA VERDE FEMININA G;0;UNIFORME;CAMISA;G
2501504910409;CAMISA DE MALHA VERDE FEMININA GG;0;UNIFORME;CAMISA;GG
2501504910386;CAMISA DE MALHA VERDE FEMININA M;0;UNIFORME;CAMISA;M
2501504910379;CAMISA DE MALHA VERDE FEMININA P;0;UNIFORME;CAMISA;P
2501504910362;CAMISA DE MALHA VERDE FEMININA PP;0;UNIFORME;CAMISA;PP
2501504910416;CAMISA DE MALHA VERDE FEMININA XGG;0;UNIFORME;CAMISA;XGG
2501504910454;CAMISA DE MALHA VERDE MASCULINA G;0;UNIFORME;CAMISA;G
2501504910461;CAMISA DE MALHA VERDE MASCULINA GG;0;UNIFORME;CAMISA;GG
2501504910447;CAMISA DE MALHA VERDE MASCULINA M;0;UNIFORME;CAMISA;M
2501504910430;CAMISA DE MALHA VERDE MASCULINA P;0;UNIFORME;CAMISA;P
2501504910423;CAMISA DE MALHA VERDE MASCULINA PP;0;UNIFORME;CAMISA;PP
2501504910478;CAMISA DE MALHA VERDE MASCULINA XGG;0;UNIFORME;CAMISA;XGG
2501504913967;CAMISA DE MALHA VERDE UNISSEX TAM.G;0;UNIFORME;CAMISA;G
2501504913974;CAMISA DE MALHA VERDE UNISSEX TAM.GG;0;UNIFORME;CAMISA;GG
2501504913950;CAMISA DE MALHA VERDE UNISSEX TAM.M;0;UNIFORME;CAMISA;M
2501504913943;CAMISA DE MALHA VERDE UNISSEX TAM.P;0;UNIFORME;CAMISA;P
2501504913936;CAMISA DE MALHA VERDE UNISSEX TAM.PP;0;UNIFORME;CAMISA;PP
2501504913981;CAMISA DE MALHA VERDE UNISSEX TAM.XGG;0;UNIFORME;CAMISA;XGG
2501504910515;CAMISA DE MALHA VERMELHA FEMININA G;0;UNIFORME;CAMISA;G
2501504910522;CAMISA DE MALHA VERMELHA FEMININA GG;0;UNIFORME;CAMISA;GG
2501504910508;CAMISA DE MALHA VERMELHA FEMININA M;0;UNIFORME;CAMISA;M
2501504910492;CAMISA DE MALHA VERMELHA FEMININA P;0;UNIFORME;CAMISA;P
2501504910485;CAMISA DE MALHA VERMELHA FEMININA PP;0;UNIFORME;CAMISA;PP
2501504910539;CAMISA DE MALHA VERMELHA FEMININA XGG;0;UNIFORME;CAMISA;XGG
2501504910577;CAMISA DE MALHA VERMELHA MASCULINA G;0;UNIFORME;CAMISA;G
2501504910584;CAMISA DE MALHA VERMELHA MASCULINA GG;0;UNIFORME;CAMISA;GG
2501504910560;CAMISA DE MALHA VERMELHA MASCULINA M;0;UNIFORME;CAMISA;M
2501504910553;CAMISA DE MALHA VERMELHA MASCULINA P;0;UNIFORME;CAMISA;P
2501504910591;CAMISA DE MALHA VERMELHA MASCULINA XGG;0;UNIFORME;CAMISA;XGG
2501504914162;CAMISA DE MALHA VERMELHA UNISEX TAM.XPP;0;UNIFORME;CAMISA;XPP
2501504913899;CAMISA DE MALHA VERMELHA UNISSEX TAM. G;0;UNIFORME;CAMISA;G
2501504913912;CAMISA DE MALHA VERMELHA UNISSEX TAM. GG;0;UNIFORME;CAMISA;GG
2501504913882;CAMISA DE MALHA VERMELHA UNISSEX TAM. M;0;UNIFORME;CAMISA;M
2501504913875;CAMISA DE MALHA VERMELHA UNISSEX TAM. P;0;UNIFORME;CAMISA;P
2501504913868;CAMISA DE MALHA VERMELHA UNISSEX TAM. PP;0;UNIFORME;CAMISA;PP
2501504913929;CAMISA DE MALHA VERMELHA UNISSEX TAM. XGG;0;UNIFORME;CAMISA;XGG
2501504912830;CAMISA LIMPEZA CAQUI FEMININA G;0;UNIFORME;CAMISA;G
2501504912847;CAMISA LIMPEZA CAQUI FEMININA GG;0;UNIFORME;CAMISA;GG
2501504912823;CAMISA LIMPEZA CAQUI FEMININA M;0;UNIFORME;CAMISA;M
2501504912816;CAMISA LIMPEZA CAQUI FEMININA P;0;UNIFORME;CAMISA;P
2501504912809;CAMISA LIMPEZA CAQUI FEMININA PP;0;UNIFORME;CAMISA;PP
2501504912854;CAMISA LIMPEZA CAQUI FEMININA XGG;0;UNIFORME;CAMISA;XGG
2501504913219;CAMISA LIMPEZA MASCULINA CAQUI G;0;UNIFORME;CAMISA;G
2501504913226;CAMISA LIMPEZA MASCULINA CAQUI GG;0;UNIFORME;CAMISA;GG
2501504913202;CAMISA LIMPEZA MASCULINA CAQUI M;0;UNIFORME;CAMISA;M
2501504913196;CAMISA LIMPEZA MASCULINA CAQUI P;0;UNIFORME;CAMISA;P
2501504913240;CAMISA LIMPEZA MASCULINA CAQUI PP;0;UNIFORME;CAMISA;PP
2501504913233;CAMISA LIMPEZA MASCULINA CAQUI XGG;0;UNIFORME;CAMISA;XGG
2501504911277;CAMISA POA FEMININA MC PRETA C/BRANCO G;0;UNIFORME;CAMISA;G
2501504911284;CAMISA POA FEMININA MC PRETA C/BRANCO GG;0;UNIFORME;CAMISA;GG
2501504911260;CAMISA POA FEMININA MC PRETA C/BRANCO M;0;UNIFORME;CAMISA;M
2501504911253;CAMISA POA FEMININA MC PRETA C/BRANCO P;0;UNIFORME;CAMISA;P
2501504911246;CAMISA POA FEMININA MC PRETA C/BRANCO PP;0;UNIFORME;CAMISA;PP
2501504911291;CAMISA POA FEMININA MC PRETA C/BRANCO XGG;0;UNIFORME;CAMISA;XGG
2501504911338;CAMISA POA FEMININA ML PRETA C/BRANCO G;0;UNIFORME;CAMISA;G
2501504911345;CAMISA POA FEMININA ML PRETA C/BRANCO GG;0;UNIFORME;CAMISA;GG
2501504911321;CAMISA POA FEMININA ML PRETA C/BRANCO M;0;UNIFORME;CAMISA;M
2501504911314;CAMISA POA FEMININA ML PRETA C/BRANCO P;0;UNIFORME;CAMISA;P
2501504911307;CAMISA POA FEMININA ML PRETA C/BRANCO PP;0;UNIFORME;CAMISA;PP
2501504911352;CAMISA POA FEMININA ML PRETA C/BRANCO XGG;0;UNIFORME;CAMISA;XGG
2501504913776;CAMISA POLO MALHA VERMELHA UNISEX TAM. G;0;UNIFORME;CAMISA;G
2501504912564;CAMISA POLO MALHA VERMELHA UNISEX TAM. GG;0;UNIFORME;CAMISA;GG
2501504913127;CAMISA POLO MALHA VERMELHA UNISEX TAM. M;0;UNIFORME;CAMISA;M
2501504913066;CAMISA POLO MALHA VERMELHA UNISEX TAM. XG;0;UNIFORME;CAMISA;XG
7892457512361;CAMISA POLO MALHA VERMELHA UNISEX TAM.P;0;UNIFORME;CAMISA;P
2501504913523;CAMISA SOCIAL FEMININA MC AZUL G;0;UNIFORME;CAMISA;G
2501504913530;CAMISA SOCIAL FEMININA MC AZUL GG;0;UNIFORME;CAMISA;GG
2501504913516;CAMISA SOCIAL FEMININA MC AZUL M;0;UNIFORME;CAMISA;M
2501504913509;CAMISA SOCIAL FEMININA MC AZUL P;0;UNIFORME;CAMISA;P
2501504913493;CAMISA SOCIAL FEMININA MC AZUL PP;0;UNIFORME;CAMISA;PP
2501504913547;CAMISA SOCIAL FEMININA MC AZUL XGG;0;UNIFORME;CAMISA;XGG
2501504911390;CAMISA SOCIAL FEMININA MC BRANCA G;0;UNIFORME;CAMISA;G
2501504911406;CAMISA SOCIAL FEMININA MC BRANCA GG;0;UNIFORME;CAMISA;GG
2501504911383;CAMISA SOCIAL FEMININA MC BRANCA M;0;UNIFORME;CAMISA;M
2501504911376;CAMISA SOCIAL FEMININA MC BRANCA P;0;UNIFORME;CAMISA;P
2501504911369;CAMISA SOCIAL FEMININA MC BRANCA PP;0;UNIFORME;CAMISA;PP
2501504911413;CAMISA SOCIAL FEMININA MC BRANCA XGG;0;UNIFORME;CAMISA;XGG
2501504914216;CAMISA SOCIAL FEMININA MC BRANCA XPP;0;UNIFORME;CAMISA;XPP
2501504913585;CAMISA SOCIAL FEMININA ML AZUL G;0;UNIFORME;CAMISA;G
2501504913592;CAMISA SOCIAL FEMININA ML AZUL GG;0;UNIFORME;CAMISA;GG
2501504913578;CAMISA SOCIAL FEMININA ML AZUL M;0;UNIFORME;CAMISA;M
2501504913561;CAMISA SOCIAL FEMININA ML AZUL P;0;UNIFORME;CAMISA;P
2501504913554;CAMISA SOCIAL FEMININA ML AZUL PP;0;UNIFORME;CAMISA;PP
2501504913608;CAMISA SOCIAL FEMININA ML AZUL XGG;0;UNIFORME;CAMISA;XGG
2501504911451;CAMISA SOCIAL FEMININA ML BRANCA G;0;UNIFORME;CAMISA;G
2501504911468;CAMISA SOCIAL FEMININA ML BRANCA GG;0;UNIFORME;CAMISA;GG
2501504911444;CAMISA SOCIAL FEMININA ML BRANCA M;0;UNIFORME;CAMISA;M
2501504911437;CAMISA SOCIAL FEMININA ML BRANCA P;0;UNIFORME;CAMISA;P
2501504911420;CAMISA SOCIAL FEMININA ML BRANCA PP;0;UNIFORME;CAMISA;PP
2501504911475;CAMISA SOCIAL FEMININA ML BRANCA XGG;0;UNIFORME;CAMISA;XGG
2501504913400;CAMISA SOCIAL MASCULINA MC AZUL G;0;UNIFORME;CAMISA;G
2501504913417;CAMISA SOCIAL MASCULINA MC AZUL GG;0;UNIFORME;CAMISA;GG
2501504913394;CAMISA SOCIAL MASCULINA MC AZUL M;0;UNIFORME;CAMISA;M
2501504913387;CAMISA SOCIAL MASCULINA MC AZUL P;0;UNIFORME;CAMISA;P
2501504913370;CAMISA SOCIAL MASCULINA MC AZUL PP;0;UNIFORME;CAMISA;PP
2501504913424;CAMISA SOCIAL MASCULINA MC AZUL XGG;0;UNIFORME;CAMISA;XGG
2501504911512;CAMISA SOCIAL MASCULINA MC BRANCA G;0;UNIFORME;CAMISA;G
2501504911529;CAMISA SOCIAL MASCULINA MC BRANCA GG;0;UNIFORME;CAMISA;GG
2501504911505;CAMISA SOCIAL MASCULINA MC BRANCA M;0;UNIFORME;CAMISA;M
2501504911499;CAMISA SOCIAL MASCULINA MC BRANCA P;0;UNIFORME;CAMISA;P
2501504911482;CAMISA SOCIAL MASCULINA MC BRANCA PP;0;UNIFORME;CAMISA;PP
2501504911536;CAMISA SOCIAL MASCULINA MC BRANCA XGG;0;UNIFORME;CAMISA;XGG
2501504912427;CAMISA SOCIAL MASCULINA MC PRETA (FISCAL) G;0;UNIFORME;CAMISA;G
2501504912434;CAMISA SOCIAL MASCULINA MC PRETA (FISCAL) GG;0;UNIFORME;CAMISA;GG
2501504912410;CAMISA SOCIAL MASCULINA MC PRETA (FISCAL) M;0;UNIFORME;CAMISA;M
2501504912403;CAMISA SOCIAL MASCULINA MC PRETA (FISCAL) P;0;UNIFORME;CAMISA;P
2501504912441;CAMISA SOCIAL MASCULINA MC PRETA (FISCAL) XGG;0;UNIFORME;CAMISA;XGG
2501504912052;CAMISA SOCIAL MASCULINA MC PRETA G;0;UNIFORME;CAMISA;G
2501504912069;CAMISA SOCIAL MASCULINA MC PRETA GG;0;UNIFORME;CAMISA;GG
2501504912045;CAMISA SOCIAL MASCULINA MC PRETA M;0;UNIFORME;CAMISA;M
2501504912038;CAMISA SOCIAL MASCULINA MC PRETA P;0;UNIFORME;CAMISA;P
2501504912021;CAMISA SOCIAL MASCULINA MC PRETA PP;0;UNIFORME;CAMISA;PP
2501504912076;CAMISA SOCIAL MASCULINA MC PRETA XGG;0;UNIFORME;CAMISA;XGG
2501504913462;CAMISA SOCIAL MASCULINA ML AZUL G;0;UNIFORME;CAMISA;G
2501504913479;CAMISA SOCIAL MASCULINA ML AZUL GG;0;UNIFORME;CAMISA;GG
2501504913455;CAMISA SOCIAL MASCULINA ML AZUL M;0;UNIFORME;CAMISA;M
2501504913448;CAMISA SOCIAL MASCULINA ML AZUL P;0;UNIFORME;CAMISA;P
2501504913431;CAMISA SOCIAL MASCULINA ML AZUL PP;0;UNIFORME;CAMISA;PP
2501504913486;CAMISA SOCIAL MASCULINA ML AZUL XGG;0;UNIFORME;CAMISA;XGG
2501504911574;CAMISA SOCIAL MASCULINA ML BRANCA G;0;UNIFORME;CAMISA;G
2501504911581;CAMISA SOCIAL MASCULINA ML BRANCA GG;0;UNIFORME;CAMISA;GG
2501504911567;CAMISA SOCIAL MASCULINA ML BRANCA M;0;UNIFORME;CAMISA;M
2501504911550;CAMISA SOCIAL MASCULINA ML BRANCA P;0;UNIFORME;CAMISA;P
2501504911543;CAMISA SOCIAL MASCULINA ML BRANCA PP;0;UNIFORME;CAMISA;PP
2501504912472;CAMISA SOCIAL MASCULINA ML PRETA (FISCAL) G;0;UNIFORME;CAMISA;G
2501504912489;CAMISA SOCIAL MASCULINA ML PRETA (FISCAL) GG;0;UNIFORME;CAMISA;GG
2501504912465;CAMISA SOCIAL MASCULINA ML PRETA (FISCAL) M;0;UNIFORME;CAMISA;M
2501504912458;CAMISA SOCIAL MASCULINA ML PRETA (FISCAL) P;0;UNIFORME;CAMISA;P
2501504912496;CAMISA SOCIAL MASCULINA ML PRETA (FISCAL) XGG;0;UNIFORME;CAMISA;XGG
2501504912113;CAMISA SOCIAL MASCULINA ML PRETA G;0;UNIFORME;CAMISA;G
2501504912120;CAMISA SOCIAL MASCULINA ML PRETA GG;0;UNIFORME;CAMISA;GG
2501504912106;CAMISA SOCIAL MASCULINA ML PRETA M;0;UNIFORME;CAMISA;M
2501504912090;CAMISA SOCIAL MASCULINA ML PRETA P;0;UNIFORME;CAMISA;P
2501504912083;CAMISA SOCIAL MASCULINA ML PRETA PP;0;UNIFORME;CAMISA;PP
2501504912137;CAMISA SOCIAL MASCULINA ML PRETA XGG;0;UNIFORME;CAMISA;XGG
2501504912779;CAMISA TRANSPASSADA FEMININA PRETA G;0;UNIFORME;CAMISA;G
2501504912724;CAMISA TRANSPASSADA FEMININA PRETA GG;0;UNIFORME;CAMISA;GG
2501504912762;CAMISA TRANSPASSADA FEMININA PRETA M;0;UNIFORME;CAMISA;M
2501504912717;CAMISA TRANSPASSADA FEMININA PRETA P;0;UNIFORME;CAMISA;P
2501504912687;CAMISA TRANSPASSADA FEMININA PRETA PP;0;UNIFORME;CAMISA;PP
2501504912700;CAMISA TRANSPASSADA MASCULINA PRETA G;0;UNIFORME;CAMISA;G
2501504912786;CAMISA TRANSPASSADA MASCULINA PRETA GG;0;UNIFORME;CAMISA;GG
2501504912694;CAMISA TRANSPASSADA MASCULINA PRETA M;0;UNIFORME;CAMISA;M
2501504912793;CAMISA TRANSPASSADA MASCULINA PRETA XGG;0;UNIFORME;CAMISA;XGG
2501504911758;DOLMA CHEFE MASCULINA BRANCA C/FRISO PRETO G;0;UNIFORME;DOLMA;G
2501504911765;DOLMA CHEFE MASCULINA BRANCA C/FRISO PRETO GG;0;UNIFORME;DOLMA;GG
2501504911741;DOLMA CHEFE MASCULINA BRANCA C/FRISO PRETO M;0;UNIFORME;DOLMA;M
2501504911734;DOLMA CHEFE MASCULINA BRANCA C/FRISO PRETO P;0;UNIFORME;DOLMA;P
2501504911727;DOLMA CHEFE MASCULINA BRANCA C/FRISO PRETO PP;0;UNIFORME;DOLMA;PP
2501504911819;DOLMA CHEFE MASCULINA PRETA C/FRISO BRANCO G;0;UNIFORME;DOLMA;G
2501504911802;DOLMA CHEFE MASCULINA PRETA C/FRISO BRANCO M;0;UNIFORME;DOLMA;M
2501504911796;DOLMA CHEFE MASCULINA PRETA C/FRISO BRANCO P;0;UNIFORME;DOLMA;P
2501504911789;DOLMA CHEFE MASCULINA PRETA C/FRISO BRANCO PP;0;UNIFORME;DOLMA;PP
2501504911635;DOLMA CHEFE UNISSEX BRANCA C/FRISO PRETO G;0;UNIFORME;DOLMA;G
2501504911642;DOLMA CHEFE UNISSEX BRANCA C/FRISO PRETO GG;0;UNIFORME;DOLMA;GG
2501504911628;DOLMA CHEFE UNISSEX BRANCA C/FRISO PRETO M;0;UNIFORME;DOLMA;M
2501504911611;DOLMA CHEFE UNISSEX BRANCA C/FRISO PRETO P;0;UNIFORME;DOLMA;P
2501504911680;DOLMA CHEFE UNISSEX PRETA C/FRISO BRANCO M;0;UNIFORME;DOLMA;M
2501504911673;DOLMA CHEFE UNISSEX PRETA C/FRISO BRANCO P;0;UNIFORME;DOLMA;P
2501504911666;DOLMA CHEFE UNISSEX PRETA C/FRISO BRANCO PP;0;UNIFORME;DOLMA;PP
2501504912908;GORRO BRANCO CHEF DE COZINHA;0;UNIFORME;GORRO;
2501504913660;GORRO XADREZ CHEF DE COZINHA;0;UNIFORME;GORRO;
2501504912151;LENCO DE PESCOCO VERMELHO;0;UNIFORME;LENCO;
2501504914193;SAIA LIMPEZA CAQUI OXFORD;0;UNIFORME;SAIA;
2501504912922;TOUCA TELADA BRANCA;0;UNIFORME;TOUCA;
2501504912915;TOUCA TELADA PRETA;0;UNIFORME;TOUCA;
